1490739025701,insert,1,'1\tIntroducción\n\nGoogle Drive es una popular plataforma de almacenamiento en la nube introducido por Google en 2012. Una de sus principales características es proveer una suite de aplicaciones web tipo Microsoft Office, entre los cuales cuenta con un editor de textos conocido como Docs. A diferencia del Word clásico y la mayoría de los editores de texto, Docs posee dos cualidades que lo hacen una fuente de datos que antes sólo podían ser conseguidos de manera intrusiva y con un esfuerzo especial: primero, su servicio de sincronización de archivos permite que más de un usuario esté trabajando en un mismo documento a la vez, y segundo, cada documento mantiene un historial de los cambios ocurridos en él registrados con una precisión de milésimas de segundo y prácticamente sin agregación alguna. Por esto, Docs aparece como una herramienta idónea para la investigación lingüística, en particular si se trata sobre el proceso de producción de texto de forma individual y colectiva en la era digital. Sin embargo, la disponibilidad de información no es suficiente: Nuevas herramientas se hacen necesarias para poder manejar y estudiar la información producida al ritmo de las nuevas tecnologías.\nLa visualización, técnica que de a poco se ha ido conformando en su propio campo dentro de la ciencia, es la forma que tenemos de acercar a nuestros sentidos las grandes cantidades de datos y hacerlos perceptibles de la mejor manera, i.e, tratando de aprovechar las capacidades de procesamiento de nuestro cerebro. Visualizaciones se desarrollan de manera independiente cada vez que se encuentra una fuente de datos que prometa ser capitalizable (y hoy en día, cualquier fuente de datos lo es). Con la aparición de Internet, las redes sociales y el movimiento de la economía hacia una de la información y el knowledge worker, la visualización se ve cada vez más demandada y, en el área de visualización de texto en particular, hay una tendencia creciente a la producción de estas visualizaciones (según TextVis).\nGoogle Drive no sólo representa una importante fuente de datos, nunca antes en producción masiva, sino un nuevo desafío para la visualización. En el fondo, nos enfrentamos a un nuevo tipo de dato, al cual llamaremos ‘texto-en-producción’. El texto-en-producción no es lo mismo que el, ya más común, texto versionado. El texto-en-producción se puede definir como la secuencia temporal de cambios atómicos que llevan a un documento de un estado a otro, mientras que el texto versionado vendría a ser una determinada colección de agregaciones de estos cambios atómicos: si el texto versionado es como una secuencia de fotos de un documento en diferentes momentos, el texto-en-producción vendría a ser un video ininterrumpido de su vida completa. Ésto quiere dar a entender que la información que podemos extraer de un documento de texto de Google Docs es mucho mayor que la contenida en cualquier versión determinada del documento. Mientras lo que tengamos en frente sea algo parecido a un documento, lo que estaremos viendo es sólo una superficie, la punta del iceberg. En las palabras de Grésillon y Perrin (2014), “Lo escrito (el producto) busca superar la escritura (el proceso)”, es decir, un documento está terminado en la medida en que ha terminado de borrar las trazas de su propia elaboración.\nEn términos informáticos, un texto-en-producción no tiene la misma estructura que el texto simple (un string) o el texto versionado (una secuencia de strings). El texto-en-producciòn es una serie de operaciones (inserción, eliminación) local y temporalmente determinadas. Se puede ver como que cada elemento de esta serie corresponde a un ‘delta’ de texto. Es por esta razón que visualizaciones existentes para texto versionado no son de utilidad en lo más mínimo para este tipo de datos, que presentan una riqueza mucho mayor. Hasta donde fue posible conocer, no existen visualizaciones desarrolladas para este particular tipo de dato, a pesar de que, como se expone en la sección Trabajos relacionados, puede ser de un gran valor para la investigación relacionada con la lingüística y la atribución de autoría.\nEl texto-en-producción es la información más detallada de cómo un texto fue escrito, desde el punto de vista del mismo texto. La lingüística siempre se enfrenta al problema de la doble caja negra [insertar cita], no podemos conocer las condiciones en las que fue producido. Sin embargo, gracias al nivel de detalle del registro de Docs, podemos conocer los diferentes ritmos del autor, sus errores, sus decisiones, patrones de edición, toda la rica dinámica de la escritura, o al menos de su manifestación a través de la máquina de escribir digital.\nEn este trabajo se desarrolla una exploración visual del texto en producción, hecha específicamente para trabajar con los datos que podemos conseguir con la API de Google Drive, que pretende explorar el texto-en-producción como un nuevo tipo de dato y a través de sus mismas posibilidades de visualización. A la vez como una evaluación del potencial de esta información y del uso de la visualización para darla a conocer de manera útil.\nLos datos para este trabajo fueron obtenidos...\n'
1490742170191,insert,5162,'\n'
1490742171411,insert,5163,'\n'
1490742187507,delete,5163,5163
1490932691265,delete,1859,1859
1490932693132,delete,1858,1858
1490932693132,delete,1857,1857
1490932694074,delete,1856,1856
1490932694520,delete,1855,1855
1490932694520,delete,1854,1854
1490932695597,delete,1853,1853
1490932698213,delete,1874,1874
1490932699940,insert,1874,' '
1490932705132,delete,1854,1857
1490932710634,delete,1854,1873
1490932717311,insert,1854,'mandada y, en el áre'
1490932742521,delete,1853,1853
1490932743044,insert,1853,'a ve'
1490932744009,insert,1857,'z m'
1490932744423,insert,1860,'ás '
1490932744724,insert,1863,'de'
1490932770112,delete,2311,2311
1490932772150,delete,2297,2297
1490932809317,delete,2760,2780
1490932809317,insert,2760,'gin'
1490932809693,insert,2763,'ifi'
1490932811425,delete,2765,2765
1490932811425,delete,2764,2764
1490932811621,delete,2763,2763
1490932811621,delete,2762,2762
1490932811621,delete,2761,2761
1490932811925,delete,2760,2760
1490932812714,insert,2760,'si'
1490932813716,insert,2762,'g'
1490932814761,insert,2763,'nific'
1490932815112,insert,2768,'A'
1490932816044,delete,2768,2768
1490932816044,insert,2768,'a'
1490932997211,delete,2871,2926
1490932997211,insert,2871,'con'
1490932997430,insert,2874,'ce'
1490932997688,insert,2876,'n'
1490932998122,insert,2877,'tra'
1490932999130,insert,2880,'da '
1490932999630,insert,2883,'en una '
1490933001041,insert,2890,'co'
1490933001459,insert,2892,'lecc'
1490933008386,insert,2896,'i´'
1490933009290,delete,2897,2897
1490933009290,insert,2897,'ón'
1490933010230,insert,2899,' de '
1490933011169,insert,2903,'vers'
1490933012263,insert,2907,'iones'
1490933367175,delete,2914,3284
1490933368507,insert,2914,'\n'
1490933374575,delete,2913,2913
1490934269341,insert,3271,'Mientras lo que tengamos en frente sea algo parecido a un documento, lo que estaremos viendo es sólo una superficie, la punta del iceberg. En las palabras de Grésillon y Perrin (2014), “Lo escrito (el producto) busca superar la escritura (el proceso)”, es decir, un documento está terminado en la medida en que ha terminado de borrar las trazas de su propia elaboración.\n'
1490934278615,delete,3271,3641
1490934298253,delete,3421,3427
1490934298253,insert,3421,'com'
1490934299198,insert,3424,'pleijdad'
1490934300367,delete,3431,3431
1490934301541,delete,3430,3430
1490934301541,delete,3429,3429
1490934301541,delete,3428,3428
1490934301541,delete,3427,3427
1490934302495,insert,3427,'jidad'
1490934312459,delete,3433,3438
1490934498914,insert,3440,'Mientras lo que tengamos en frente sea algo parecido a un documento, lo que estaremos viendo es sólo una superficie, la punta del iceberg. En las palabras de Grésillon y Perrin (2014), “Lo escrito (el producto) busca superar la escritura (el proceso)”, es decir, un documento está terminado en la medida en que ha terminado de borrar las trazas de su propia elaboración.\n'
1490934607900,insert,3440,'\n'
1490935262106,delete,3441,3810
1490935263688,delete,3440,3440
1490935270132,insert,3725,'\n'
1490935274364,insert,3726,'\n'
1490935277419,insert,3727,'Mientras lo que tengamos en frente sea algo parecido a un documento, lo que estaremos viendo es sólo una superficie, la punta del iceberg. En las palabras de Grésillon y Perrin (2014), “Lo escrito (el producto) busca superar la escritura (el proceso)”, es decir, un documento está terminado en la medida en que ha terminado de borrar las trazas de su propia elaboración.'
1490935360871,delete,3440,3440
1490935409765,delete,4647,5083
1490935416906,insert,3724,'\n'
1490935417214,insert,3725,'En este trabajo se desarrolla una exploración visual del texto en producción, hecha específicamente para trabajar con los datos que podemos conseguir con la API de Google Drive, que pretende explorar el texto-en-producción como un nuevo tipo de dato y a través de sus mismas posibilidades de visualización. A la vez como una evaluación del potencial de esta información y del uso de la visualización para darla a conocer de manera útil.\n'
1490935784078,delete,3803,3902
1490935849722,delete,3803,3930
1490935849722,insert,3803,'a'
1490935854394,insert,3758,' d'
1490935855405,insert,3760,'oble '
1490935856542,delete,3764,3764
1490935858936,insert,3776,':'
1490935859813,insert,3777,' '
1490935864546,insert,3778,'un'
1490935865456,insert,3780,'a '
1490935866494,insert,3782,'e'
1490935867595,insert,3783,'xplora'
1490935869323,insert,3789,'ci'
1490935869633,insert,3791,'ón'
1490935904569,insert,3826,'y '
1490935905622,insert,3828,'una e'
1490935906704,insert,3833,'xploraci'
1490935907756,insert,3841,'ón de la'
1490935908844,insert,3849,' visual'
1490935909899,insert,3856,'ización'
1490935910792,insert,3863,' '
1490935912569,insert,3864,'y '
1490935913525,insert,3866,'las '
1490935914567,insert,3870,'técin'
1490935915566,delete,3874,3874
1490935915566,delete,3873,3873
1490935915566,insert,3873,'nicas'
1490935916599,insert,3878,' '
1490935922435,delete,3878,3878
1490935923540,delete,3877,3877
1490935923540,delete,3876,3876
1490935923540,delete,3875,3875
1490935923540,delete,3874,3874
1490935923540,delete,3873,3873
1490935923540,delete,3872,3872
1490935923990,delete,3871,3871
1490935923990,delete,3870,3870
1490935923990,delete,3869,3869
1490935925038,delete,3868,3868
1490935925038,delete,3867,3867
1490935926140,delete,3866,3866
1490935927087,insert,3866,'sus t'
1490935928236,insert,3871,'é'
1490935929106,insert,3872,'c'
1490935930003,insert,3873,'nicas'
1490935930328,delete,3877,3877
1490935930328,delete,3876,3876
1490935930328,delete,3875,3875
1490935931447,delete,3874,3874
1490935931447,delete,3873,3873
1490935932375,delete,3872,3872
1490935932375,delete,3871,3871
1490935932375,delete,3870,3870
1490935933420,insert,3870,'po'
1490935934434,insert,3872,'sibilidad'
1490935935362,insert,3881,'es para'
1490935935746,insert,3888,' dar a conoc'
1490935936150,insert,3900,'er '
1490935942519,insert,3903,'es'
1490935943589,insert,3905,'te'
1490935944614,insert,3907,' t'
1490935944957,insert,3909,'ipo '
1490935945433,insert,3913,'d '
1490935946571,delete,3914,3914
1490935946571,insert,3914,'e'
1490935947756,insert,3915,' a'
1490935948667,delete,3916,3916
1490935948667,insert,3916,'da'
1490935949013,insert,3918,'to. '
1490935954873,delete,3922,3923
1490935990537,delete,3824,3824
1490936032206,delete,3921,3933
1490936032206,insert,3921,'S'
1490936032620,insert,3922,'epu'
1490936033495,delete,3924,3924
1490936033495,delete,3923,3923
1490936033495,insert,3923,' '
1490936034698,insert,3924,'pue'
1490936034896,insert,3927,'de ente'
1490936036298,insert,3934,'nd'
1490936037350,insert,3936,'er como'
1490936042184,insert,3959,'pr'
1490936042554,insert,3961,'opositi'
1490936042915,insert,3968,'va'
1490936044070,insert,3970,' '
1490936080688,delete,3988,4071
1490936081762,delete,3987,3987
1490936081762,delete,3986,3986
1490936082095,delete,3985,3985
1490936082095,insert,3985,'que'
1490936083266,insert,3988,'pu'
1490936083611,delete,3989,3989
1490936083611,delete,3988,3988
1490936084193,insert,3988,'p'
1490936084816,delete,3988,3988
1490936085698,insert,3988,' '
1490936086737,insert,3989,'puede '
1490936087870,insert,3995,'des'
1490936088944,insert,3998,'enca'
1490936089359,insert,4002,'denar '
1490936091613,insert,4008,'a'
1490936092004,delete,4008,4008
1490936092340,insert,4008,'la'
1490936092807,insert,4010,' vis'
1490936093245,insert,4014,'u'
1490936093858,insert,4015,'a'
1490936094070,insert,4016,'liz'
1490936094469,insert,4019,'ac'
1490936095521,insert,4021,'i'
1490936095946,insert,4022,'ón '
1490936104034,insert,3811,'-'
1490936115919,delete,3814,3814
1490936115919,insert,3814,'-'
1490936115919,delete,3810,3810
1490936130597,delete,3985,4006
1490936130597,insert,3985,'d'
1490936131651,insert,3986,'e'
1490936199330,insert,4005,'de'
1490936200262,insert,4007,' proce'
1490936200640,insert,4013,'sos de e'
1490936201703,insert,4021,'sc'
1490936202686,insert,4023,'irut'
1490936203719,delete,4026,4026
1490936203719,insert,4026,'r'
1490936226404,delete,3901,3918
1490936227465,insert,3901,'el proce'
1490936228353,insert,3909,'so d'
1490936229410,insert,3913,'e esc'
1490936230366,insert,3918,'r'
1490936231393,insert,3919,'itura'
1490936232813,insert,3900,' '
1490936233455,delete,3900,3900
1490936233953,insert,3901,' '
1490936238016,delete,3916,3924
1490936238016,insert,3916,'pr'
1490936239122,insert,3918,'oducci´'
1490936240091,delete,3924,3924
1490936240091,insert,3924,'ó'
1490936240463,delete,3924,3924
1490936240463,delete,3923,3923
1490936240463,delete,3922,3922
1490936240463,delete,3921,3921
1490936240463,delete,3920,3920
1490936240463,delete,3919,3919
1490936241418,delete,3918,3918
1490936241418,delete,3917,3917
1490936242511,delete,3916,3916
1490936242511,insert,3916,'es'
1490936243704,insert,3918,'critur'
1490936244675,insert,3924,'a'
1490936250829,delete,4014,4032
1490936250829,insert,4014,'e'
1490936251771,insert,4015,'sta '
1490936252767,insert,4019,'clas'
1490936253657,insert,4023,'e de '
1490936253933,insert,4028,'dato'
1490936255525,insert,4032,'s'
1490936256577,insert,4033,'.'
1490936261478,insert,4034,' E'
1490936263539,insert,4036,'l data'
1490936264387,insert,4042,'se'
1490936265453,insert,4044,'t'
1490936266315,insert,4045,' con e'
1490936266718,insert,4051,'l a'
1490936267848,delete,4053,4053
1490936268263,insert,4053,'cual se '
1490936269162,insert,4061,'tra'
1490936269525,insert,4064,'ba'
1490936270629,insert,4066,'a'
1490936270917,delete,4066,4066
1490936270917,insert,4066,'ja '
1490936272209,insert,4069,'fu'
1490936273257,insert,4071,'e o'
1490936274291,insert,4074,'bte'
1490936274650,insert,4077,'nido'
1490936305320,insert,4081,' d'
1490936305684,insert,4083,'e maner'
1490936306854,insert,4090,'a '
1490936307844,insert,4092,'no m'
1490936308892,delete,4095,4095
1490936308892,delete,4094,4094
1490936309297,insert,4094,' p'
1490936315331,insert,4096,'ar'
1490936315663,insert,4098,'ticul'
1490936316841,insert,4103,'a'
1490936317189,insert,4104,'rmn'
1490936317596,delete,4106,4106
1490936317596,insert,4106,'e'
1490936318250,insert,4107,'nte'
1490936318684,insert,4110,' '
1490936319224,insert,4111,'sis'
1490936319562,insert,4114,'tm'
1490936320324,delete,4115,4115
1490936320324,insert,4115,'e'
1490936321236,insert,4116,'m'
1490936321578,insert,4117,'ática'
1490936321972,insert,4122,' '
1490936324666,insert,4123,'de'
1490936325045,insert,4125,' '
1490936335646,insert,4126,'e'
1490936336567,insert,4127,'nt'
1490936336995,insert,4129,'re '
1490936337681,insert,4132,'tr'
1490936337938,insert,4134,'ab'
1490936338214,insert,4136,'aj'
1490936338464,insert,4138,'os'
1490936338854,insert,4140,' d'
1490936339831,insert,4142,'e'
1490936340051,insert,4143,' a'
1490936341549,delete,4144,4144
1490936341549,insert,4144,'e'
1490936341821,insert,4145,'s'
1490936343010,insert,4146,'t'
1490936343342,insert,4147,'udia'
1490936343893,insert,4151,'nte'
1490936344292,insert,4154,'s '
1490936357680,insert,4156,'d'
1490936358009,insert,4157,'e la '
1490936358470,insert,4162,'Fac'
1490936359590,insert,4165,'ul'
1490936360608,insert,4167,'tad de '
1490936361033,insert,4174,'Ciencias '
1490936361539,insert,4183,'F'
1490936362649,insert,4184,'í'
1490936363000,insert,4185,'sicas '
1490936363528,insert,4191,'y M'
1490936364478,insert,4194,'at'
1490936364838,insert,4196,'em'
1490936365271,insert,4198,'á'
1490936365746,insert,4199,'tica'
1490936365985,insert,4203,'s '
1490936366224,insert,4205,'de'
1490936366502,insert,4207,' la'
1490936366810,insert,4210,' '
1490936367241,insert,4211,'Uni'
1490936367658,insert,4214,'ve'
1490936368054,insert,4216,'r'
1490936369109,insert,4217,'sid'
1490936370073,insert,4220,'ad'
1490936370442,insert,4222,' de C'
1490936370788,insert,4227,'hi'
1490936371919,insert,4229,'le'
1490936388204,insert,4231,','
1490936388529,insert,4232,' '
1490936389364,insert,4233,'p'
1490936390251,insert,4234,'or'
1490936390665,insert,4236,' lo'
1490936390991,insert,4239,' '
1490936392439,insert,4240,'q'
1490936392700,insert,4241,'ue'
1490936393600,insert,4243,' '
1490936393964,insert,4244,'en'
1490936394544,insert,4246,'tre '
1490936396502,delete,4249,4249
1490936396502,delete,4248,4248
1490936396800,delete,4247,4247
1490936396800,delete,4246,4246
1490936397384,delete,4245,4245
1490936397384,delete,4244,4244
1490936398628,insert,4244,'cu'
1490936398870,insert,4246,'enta c'
1490936399097,insert,4252,'on'
1490936399382,insert,4254,' '
1490936400454,insert,4255,'di'
1490936400756,insert,4257,'v'
1490936401212,insert,4258,'ers'
1490936452613,delete,4132,4139
1490936452613,insert,4132,'ta'
1490936454063,insert,4134,'reas'
1490936460279,insert,4259,'os '
1490936460822,insert,4262,'au'
1490936461931,insert,4264,'to'
1490936463002,insert,4266,'res'
1490936476072,insert,4269,','
1490936479949,insert,4270,' '
1490936485122,insert,4253,'d'
1490936486150,insert,4254,'ocumento'
1490936487261,insert,4262,'s d'
1490936488130,insert,4265,'e '
1490936531722,insert,4285,'dif'
1490936532661,insert,4288,'erente'
1490936533675,insert,4294,' n'
1490936534727,insert,4296,'úmero d'
1490936535796,insert,4303,'e '
1490936536857,insert,4305,'colabor'
1490936537931,insert,4312,'adores'
1490936539294,insert,4318,' '
1490936540344,insert,4319,'y de'
1490936541386,insert,4323,' '
1490936544733,insert,4324,'di'
1490936545741,insert,4326,'s'
1490936546663,insert,4327,'tin'
1490936547625,insert,4330,'tos'
1490936548568,insert,4333,' '
1490936549699,insert,4334,'c'
1490936550718,insert,4335,'ursos'
1490936551090,insert,4340,' y de'
1490936552144,insert,4345,'par'
1490936553153,insert,4348,'tamen'
1490936553504,insert,4353,'tos'
1490936554610,insert,4356,'.'
1490936623720,insert,4357,'\n'
1490936623720,insert,4358,'\n'
1490936627130,delete,5281,5328
1490992807186,insert,4359,'/'
1490992808347,insert,4360,'///'
1490992808749,insert,4363,'////////////'
1490992809847,insert,4375,'////'
1491258717257,delete,1507,1513
1491258717257,insert,1507,'sis'
1491258717950,insert,1510,'tema visual'
1491258792873,delete,2503,2515
1491258792873,insert,2503,'e'
1491258793238,insert,2504,'s'
1491258855649,delete,2859,2907
1491258855649,insert,2859,' que'
1491258855889,insert,2863,' '
1491258856754,insert,2864,'la '
1491258857807,insert,2867,'de un '
1491258862063,insert,2873,'sim'
1491258862498,insert,2876,'ple'
1491258862984,insert,2879,' '
1491258869067,insert,2880,'sis'
1491258870107,insert,2883,'te'
1491258870469,insert,2885,'ma de '
1491258870788,insert,2891,'er'
1491258871279,insert,2893,'siona'
1491258871815,delete,2897,2897
1491258872253,delete,2896,2896
1491258872253,delete,2895,2895
1491258872253,delete,2894,2894
1491258872642,delete,2893,2893
1491258872967,delete,2892,2892
1491258873440,delete,2891,2891
1491258875674,insert,2891,'v'
1491258876223,insert,2892,'ersio'
1491258877287,insert,2897,'nami'
1491258877724,insert,2901,'ento'
1491258941514,delete,2824,2829
1491258941980,delete,2823,2823
1491258941980,delete,2822,2822
1491258941980,delete,2821,2821
1491258948113,delete,2850,2895
1491258973511,delete,3299,3315
1491258980242,delete,3322,3359
1491258980242,delete,3321,3321
1491258984077,insert,3321,'.'
1491259023898,insert,3322,' '
1491259024132,insert,3323,'L'
1491259025246,delete,3323,3323
1491259026191,insert,3323,'El te'
1491259026556,insert,3328,'xtp'
1491259027155,delete,3330,3330
1491259028247,insert,3330,'o.'
1491259029194,insert,3332,'en'
1491259030297,delete,3333,3333
1491259030297,delete,3332,3332
1491259031572,delete,3331,3331
1491259031572,insert,3331,'-en'
1491259032495,insert,3334,'-prod'
1491259034019,insert,3339,'c'
1491259035040,delete,3339,3339
1491259035040,insert,3339,'uc'
1491259035921,insert,3341,'ció'
1491259036992,insert,3344,'n '
1491259067336,insert,3346,'vi'
1491259068502,insert,3348,'e '
1491259068918,delete,3349,3349
1491259068918,insert,3349,'ne a '
1491259069915,insert,3354,'rep'
1491259070280,insert,3357,'ror'
1491259070625,insert,3360,'d'
1491259071072,insert,3361,'u'
1491259071969,delete,3361,3361
1491259071969,delete,3360,3360
1491259072939,delete,3359,3359
1491259073996,insert,3359,'du'
1491259075457,insert,3361,'cir '
1491259076513,insert,3365,'la'
1491259076937,delete,3366,3366
1491259076937,delete,3365,3365
1491259076937,delete,3364,3364
1491259076937,delete,3363,3363
1491259076937,delete,3362,3362
1491259078025,delete,3361,3361
1491259078025,delete,3360,3360
1491259078025,delete,3359,3359
1491259078025,delete,3358,3358
1491259078025,delete,3357,3357
1491259079115,delete,3356,3356
1491259079115,delete,3355,3355
1491259079115,delete,3354,3354
1491259079115,delete,3353,3353
1491259079115,delete,3352,3352
1491259079115,delete,3351,3351
1491259079115,delete,3350,3350
1491259079115,delete,3349,3349
1491259079497,delete,3348,3348
1491259079497,delete,3347,3347
1491259079497,delete,3346,3346
1491259079497,insert,3346,'re'
1491259080130,insert,3348,'pro'
1491259080481,insert,3351,'duce '
1491259233397,insert,3356,'la '
1491259235278,insert,3359,'op'
1491259236282,insert,3361,'oició'
1491259238626,delete,3365,3365
1491259238626,delete,3364,3364
1491259238626,delete,3363,3363
1491259238626,delete,3362,3362
1491259238626,insert,3362,'sic'
1491259239259,insert,3365,'ión en'
1491259240673,insert,3371,'tre '
1491259241626,insert,3375,'dato'
1491259243275,insert,3379,' e'
1491259244213,insert,3381,'stático '
1491259245978,insert,3388,'s'
1491259248432,insert,3379,'s'
1491259250029,insert,3391,'y '
1491259251265,insert,3393,'dat'
1491259252312,insert,3396,'os din'
1491259252854,insert,3402,'ámicos'
1491259343031,insert,3408,', '
1491259344042,insert,3410,'pert'
1491259344434,insert,3414,'ene'
1491259345595,insert,3417,'cie'
1491259346120,insert,3420,'ndo a '
1491259348149,insert,3426,'es'
1491259348613,insert,3428,'ta '
1491259351348,insert,3431,'se'
1491259352400,insert,3433,'f'
1491259353024,insert,3434,'unda cate'
1491259353945,insert,3443,'gor'
1491259354268,insert,3446,'ía '
1491259357536,delete,3448,3448
1491259357536,insert,3448,'.'
1491259360149,delete,3433,3433
1491259360149,insert,3433,'g'
1491259379914,insert,3450,'El '
1491259380889,insert,3453,'par'
1491259381510,insert,3456,'a'
1491259382463,insert,3457,'di'
1491259383501,insert,3459,'gma ac'
1491259384135,insert,3465,'tual '
1491259403747,delete,3469,3469
1491259403747,delete,3468,3468
1491259404641,delete,3467,3467
1491259404641,delete,3466,3466
1491259405895,delete,3465,3465
1491259405895,delete,3464,3464
1491259405895,delete,3463,3463
1491259416997,delete,3426,3429
1491259416997,insert,3426,'la'
1491259436483,insert,3460,' '
1491259436860,insert,3461,'impera'
1491259437337,insert,3467,'tne'
1491259437841,delete,3469,3469
1491259438294,delete,3468,3468
1491259438852,delete,3467,3467
1491259438852,insert,3467,'n'
1491259439352,insert,3468,'te'
1491259441238,insert,3470,' '
1491259441787,insert,3471,'en '
1491259442254,insert,3474,'vi'
1491259442497,insert,3476,'sua'
1491259443518,insert,3479,'li'
1491259443797,insert,3481,'zaci'
1491259444092,insert,3485,'ón'
1491259444645,insert,3487,' '
1491259448447,insert,3488,'no '
1491259449592,insert,3491,'ha '
1491259450460,insert,3494,'dad'
1491259451023,insert,3497,'o'
1491259451361,insert,3498,' '
1491259453605,delete,3498,3498
1491259454663,delete,3497,3497
1491259454663,delete,3496,3496
1491259454663,delete,3495,3495
1491259454663,delete,3494,3494
1491259454663,delete,3493,3493
1491259454663,delete,3492,3492
1491259455905,delete,3491,3491
1491259455905,delete,3490,3490
1491259455905,delete,3489,3489
1491259455905,delete,3488,3488
1491259457709,insert,3488,'ha '
1491259458086,insert,3491,'sido '
1491259463017,insert,3496,'d'
1491259464063,insert,3497,' '
1491259464404,delete,3497,3497
1491259464404,insert,3497,'e'
1491259466494,delete,3497,3497
1491259466719,delete,3496,3496
1491259466719,delete,3495,3495
1491259466989,delete,3494,3494
1491259466989,delete,3493,3493
1491259468213,delete,3492,3492
1491259468213,delete,3491,3491
1491259468624,delete,3490,3490
1491259468624,delete,3489,3489
1491259468624,delete,3488,3488
1491259468624,insert,3488,'se '
1491259469052,insert,3491,'ha '
1491259470242,insert,3494,'con'
1491259471278,insert,3497,'centr'
1491259471681,insert,3502,'ado '
1491259472708,delete,3505,3505
1491259473362,delete,3504,3504
1491259473362,delete,3503,3503
1491259473362,delete,3502,3502
1491259473671,delete,3501,3501
1491259473671,delete,3500,3500
1491259473671,delete,3499,3499
1491259473671,delete,3498,3498
1491259473671,delete,3497,3497
1491259474706,delete,3496,3496
1491259474706,delete,3495,3495
1491259474706,delete,3494,3494
1491259474706,delete,3493,3493
1491259474706,delete,3492,3492
1491259474961,delete,3491,3491
1491259474961,insert,3491,'c'
1491259475429,insert,3492,'onc'
1491259475842,insert,3495,'entr'
1491259476292,insert,3499,'a en '
1491259476671,insert,3504,'el'
1491259477154,insert,3506,' '
1491259478187,insert,3507,'est'
1491259478547,insert,3510,'udio de'
1491259480856,insert,3517,' '
1491259484061,insert,3518,'lo'
1491259484536,insert,3520,'s da'
1491259485270,insert,3524,'to'
1491259486285,insert,3526,'s e'
1491259486616,insert,3529,'stñati'
1491259486983,insert,3535,'cos'
1491259487219,insert,3538,' '
1491259487744,delete,3538,3538
1491259488219,delete,3537,3537
1491259488219,delete,3536,3536
1491259488645,delete,3535,3535
1491259488645,delete,3534,3534
1491259489595,delete,3533,3533
1491259489975,delete,3532,3532
1491259489975,delete,3531,3531
1491259489975,insert,3531,'á'
1491259490322,insert,3532,'ti'
1491259491434,insert,3534,'co'
1491259491721,insert,3536,'s, '
1491259497257,insert,3539,'y '
1491259498252,insert,3541,'no'
1491259498464,insert,3543,' ha'
1491259498741,insert,3546,' '
1491259499251,insert,3547,'dada'
1491259499898,delete,3550,3550
1491259500105,insert,3550,'o '
1491259501358,insert,3552,'imp'
1491259501696,insert,3555,'o'
1491259502343,delete,3555,3555
1491259502343,delete,3554,3554
1491259502654,delete,3553,3553
1491259502654,delete,3552,3552
1491259519528,delete,3488,3499
1491259519528,insert,3488,'ha '
1491259530927,insert,3491,'sido fructífero'
1491259530927,delete,3545,3545
1491259530927,delete,3544,3544
1491259530927,delete,3543,3543
1491259530927,insert,3543,' pero'
1491259531600,delete,3555,3558
1491259531600,insert,3555,'en'
1491259532554,insert,3557,'f'
1491259533584,delete,3557,3557
1491259533584,insert,3557,'gend'
1491259534075,insert,3561,'rado '
1491259535568,insert,3566,'au'
1491259535986,insert,3568,'n so'
1491259536415,insert,3572,'l'
1491259537562,insert,3573,'uci'
1491259538033,insert,3576,'ones '
1491259542653,delete,3566,3568
1491259542653,insert,3566,'a'
1491259543724,insert,3567,'ún'
1491259547152,delete,3580,3580
1491259553294,insert,3581,'par'
1491259554233,insert,3584,'a '
1491259555164,insert,3586,'la '
1491259569020,delete,3588,3588
1491259569442,delete,3587,3587
1491259569442,insert,3587,'os ad'
1491259570985,insert,3592,'tos '
1491259572020,delete,3595,3595
1491259572020,delete,3594,3594
1491259572020,delete,3593,3593
1491259572020,delete,3592,3592
1491259572020,delete,3591,3591
1491259572020,delete,3590,3590
1491259572489,insert,3590,'dato di'
1491259573109,insert,3597,'na'
1491259573341,delete,3598,3598
1491259574618,insert,3598,'ña'
1491259575146,delete,3599,3599
1491259575728,delete,3598,3598
1491259576922,insert,3598,'á'
1491259577375,insert,3599,'mi'
1491259577899,insert,3601,'co'
1491259578790,insert,3603,'s'
1491259579665,insert,3604,','
1491259580523,insert,3605,' '
1491259580885,insert,3606,'y'
1491259584741,delete,3608,3608
1491259584983,insert,3608,'h'
1491259601003,delete,3688,3714
1491259601003,delete,3687,3687
1491259601572,insert,3687,'tex'
1491259602032,insert,3690,'to e'
1491259603134,insert,3694,'n pr'
1491259603557,insert,3698,'oducció'
1491259603993,insert,3705,'n'
1491259629921,delete,3706,3882
1491259629921,insert,3706,'.'
1491267164425,delete,3695,3695
1491267164425,insert,3694,'-'
1491267165639,delete,3694,3694
1491267167204,insert,3695,'-'
1491267169146,delete,3692,3692
1491267169146,insert,3692,'-'
1491267176083,delete,3668,3681
1491267180358,insert,3668,'di'
1491267181254,insert,3670,'señadas '
1491273595531,insert,4337,'\n'
1491273595531,insert,4338,'\n'
1491273596691,insert,4339,'\n'
1491273596691,insert,4340,'\n'
1491273596691,insert,4341,'\n'
1499034901215,delete,2,2
1499034901548,delete,1,1
1499034974848,delete,1068,1068
1499034974848,insert,1068,'n'
1499035005632,insert,1698,' '
1499035006689,insert,1699,'pot'
1499035007587,insert,1702,'enci'
1499035008466,insert,1706,'almente'
1499035037137,insert,885,' y'
1499035037435,insert,887,' la '
1499035039123,insert,891,'e'
1499035040035,insert,892,'xperiment'
1499035040247,insert,901,'ación'
1499035041326,insert,906,' para'
1499035042410,insert,911,' e d'
1499035042679,insert,915,'esar'
1499035043654,insert,919,'o'
1499035044138,delete,919,919
1499035044138,insert,919,'ro'
1499035045247,insert,921,'llo '
1499035048587,insert,913,'l'
1499035053926,insert,926,'de'
1499035054359,insert,928,' '
1499035056311,insert,929,'ap'
1499035057196,insert,931,'licacion'
1499035058092,insert,939,'es de'
1499035058429,delete,943,943
1499035058429,delete,942,942
1499035060952,insert,942,'de'
1499035061470,insert,944,' apoyo a'
1499035062438,insert,952,' '
1499035067033,delete,952,952
1499035068656,delete,951,951
1499035069663,insert,951,'en la e'
1499035070674,insert,958,'scr'
1499035071785,insert,961,'itur'
1499035072740,insert,965,'a'
1499035104364,delete,982,999
1499035104364,insert,982,'tr'
1499035104575,insert,984,'atánd'
1499035105139,insert,989,'oss'
1499035105531,insert,992,'e d'
1499035107895,delete,990,990
1499036236511,delete,2314,2323
1499036236511,insert,2314,'pod'
1499036237591,insert,2317,'r`'
1499036238569,delete,2318,2318
1499036238569,delete,2317,2317
1499036239657,insert,2317,'R'
1499036240740,delete,2317,2317
1499036241796,insert,2317,'r´'
1499036242270,delete,2318,2318
1499036242270,delete,2317,2317
1499036243378,insert,2317,'r'
1499036245024,insert,2318,'íam'
1499036245387,insert,2321,'os llamar'
1499036254729,delete,2332,2350
1499036254729,insert,2332,'do'
1499036255657,insert,2334,'cumento '
1499036256761,insert,2342,'profu'
1499036257146,insert,2347,'ndo'
1499036265492,insert,2350,','
1499036265935,insert,2351,' '
1499036266354,delete,2351,2351
1499036266354,delete,2350,2350
1499036268106,insert,2351,', '
1499036303885,insert,2353,'tom'
1499036304273,insert,2356,'ando '
1499036305244,delete,2360,2360
1499036305244,delete,2359,2359
1499036305244,delete,2358,2358
1499036305244,delete,2357,2357
1499036305244,delete,2356,2356
1499036306177,delete,2355,2355
1499036306177,delete,2354,2354
1499036307324,delete,2353,2353
1499036373821,insert,2353,'us'
1499036374125,insert,2355,'an'
1499036374700,delete,2356,2356
1499036374700,delete,2355,2355
1499036375696,delete,2354,2354
1499036375696,delete,2353,2353
1499036376693,insert,2353,'tomamdn'
1499036377095,delete,2359,2359
1499036377095,delete,2358,2358
1499036378201,delete,2357,2357
1499036378607,insert,2357,'ndo como'
1499036379505,insert,2365,' '
1499036394683,delete,2365,2365
1499036395823,delete,2364,2364
1499036395823,delete,2363,2363
1499036395823,delete,2362,2362
1499036395823,delete,2361,2361
1499036395823,delete,2360,2360
1499036395823,delete,2359,2359
1499036396814,delete,2358,2358
1499036396814,delete,2357,2357
1499036396814,delete,2356,2356
1499036396814,delete,2355,2355
1499036397201,delete,2354,2354
1499036397201,delete,2353,2353
1499036403955,insert,2353,'to'
1499036404876,insert,2355,'a'
1499036406115,delete,2355,2355
1499036406115,insert,2355,'man'
1499036406354,insert,2358,'do'
1499036407315,insert,2360,' l'
1499036408618,insert,2362,'a idea de qu'
1499036409744,insert,2374,'e '
1499036419309,insert,2376,'un'
1499036419672,insert,2378,' '
1499036422339,delete,2378,2378
1499036422339,delete,2377,2377
1499036422843,delete,2376,2376
1499036424515,insert,2376,'lo que c'
1499036424866,insert,2384,'emos '
1499036425301,delete,2388,2388
1499036425301,delete,2387,2387
1499036425301,delete,2386,2386
1499036425301,delete,2385,2385
1499036425947,delete,2384,2384
1499036425947,delete,2383,2383
1499036426256,insert,2383,'vemo'
1499036427281,insert,2387,' '
1499036427597,delete,2387,2387
1499036427597,insert,2387,'s d'
1499036428110,insert,2390,'el'
1499036429007,insert,2392,' '
1499036430079,delete,2392,2392
1499036430079,delete,2391,2391
1499036430370,insert,2391,' un te'
1499036430814,insert,2397,'xto'
1499036431390,insert,2400,' e'
1499036432393,insert,2402,'s s'
1499036433384,insert,2405,'iempr'
1499036434458,insert,2410,'e su s'
1499036435419,insert,2416,'uper'
1499036435750,insert,2420,'ficie'
1499036440238,insert,2425,', '
1499036440651,insert,2427,'mie'
1499036441283,insert,2430,'nt'
1499036442155,insert,2432,'as '
1499036442472,delete,2434,2434
1499036442472,delete,2433,2433
1499036442472,delete,2432,2432
1499036442890,insert,2432,'ras'
1499036444018,insert,2435,' '
1499036444447,insert,2436,'que'
1499036444689,insert,2439,' el'
1499036445612,insert,2442,' '
1499036452822,delete,2442,2442
1499036452822,delete,2441,2441
1499036453786,delete,2440,2440
1499036453786,insert,2440,'t'
1499036454907,insert,2441,'odo el '
1499036455830,insert,2448,'trabajo '
1499036456924,insert,2456,'inv'
1499036457287,insert,2459,'ertido e'
1499036458456,insert,2467,'n '
1499036458828,insert,2469,'él, '
1499036459234,insert,2473,'su'
1499036460353,insert,2475,' hi'
1499036461285,insert,2478,'storia'
1499036461649,insert,2484,', que '
1499036462980,delete,2489,2489
1499036462980,insert,2489,'da '
1499036463821,insert,2492,'ocu'
1499036464153,insert,2495,'l'
1499036464754,insert,2496,'to'
1499036465104,insert,2498,' en l'
1499036465600,insert,2503,'a'
1499036466123,insert,2504,' p'
1499036466425,insert,2506,'ro'
1499036466728,insert,2508,'u'
1499036467809,delete,2508,2508
1499036467809,insert,2508,'f'
1499036469122,insert,2509,'unidad'
1499036473719,delete,2514,2514
1499036473719,delete,2513,2513
1499036474032,delete,2512,2512
1499036474032,delete,2511,2511
1499036475251,insert,2511,'diad'
1499036475587,delete,2514,2514
1499036475587,delete,2513,2513
1499036475587,delete,2512,2512
1499036476066,insert,2512,'da'
1499036476556,insert,2514,'d'
1499036476958,delete,2514,2514
1499036476958,delete,2513,2513
1499036477571,delete,2512,2512
1499036478658,insert,2512,'iad'
1499036479774,delete,2514,2514
1499036479774,delete,2513,2513
1499036479774,insert,2513,'da'
1499036480120,insert,2515,'d'
1499036529345,delete,2521,2539
1499036529345,insert,2521,'doc'
1499036529714,insert,2524,'u'
1499036530093,insert,2525,'m'
1499036530505,insert,2526,'en'
1499036530937,insert,2528,'to'
1499036537232,insert,2530,' '
1499036537581,insert,2531,'pr'
1499036537979,insert,2533,'ofu'
1499036538424,insert,2536,'ndo'
1499036647026,delete,2792,2803
1499036647026,insert,2792,'e'
1499036648091,insert,2793,'stads'
1499036648509,delete,2797,2797
1499036648842,insert,2797,'os'
1499036680230,delete,2802,2824
1499036680230,delete,2801,2801
1499036680716,delete,2800,2800
1499036681217,insert,2800,'di'
1499036681441,insert,2802,'s'
1499036681674,insert,2803,'c'
1499036681921,insert,2804,'ret'
1499036682949,insert,2807,'o'
1499036683561,insert,2808,'s '
1499036703292,delete,2988,2988
1499036703292,insert,2988,'E'
1499036707675,delete,2809,2809
1499036750167,delete,2596,2614
1499036750167,insert,2596,'pr'
1499036751063,insert,2598,'imero'
1499036761416,delete,2591,2593
1499036761416,insert,2591,':'
1499036762445,insert,2592,' e'
1499036771754,delete,2746,2746
1499036772228,delete,2745,2745
1499036772228,delete,2744,2744
1499036772228,delete,2743,2743
1499036772478,delete,2742,2742
1499036772478,delete,2741,2741
1499036772478,delete,2740,2740
1499036772735,delete,2739,2739
1499036772735,delete,2738,2738
1499036772735,delete,2737,2737
1499036772996,delete,2736,2736
1499036772996,delete,2735,2735
1499036773280,delete,2734,2734
1499036773280,delete,2733,2733
1499036773829,delete,2732,2732
1499036773829,delete,2731,2731
1499036774173,insert,2731,'s'
1499036775259,insert,2732,'egu'
1499036775602,insert,2735,'ndo'
1499036786580,delete,2887,2905
1499036786580,insert,2887,'do'
1499036786857,insert,2889,'cum'
1499036787288,insert,2892,'ento'
1499036788456,insert,2896,' '
1499036788931,insert,2897,'pr'
1499036789548,insert,2899,'ofund'
1499036792126,insert,2904,'o'
1499036807716,delete,3095,3113
1499036807716,insert,3095,'doc'
1499036807973,insert,3098,'um'
1499036808333,insert,3100,'en'
1499036808671,insert,3102,'to'
1499036809114,insert,3104,' '
1499036809504,insert,3105,'pr'
1499036809832,insert,3107,'o'
1499036810322,insert,3108,'fun'
1499036810836,insert,3111,'do'
1499036843230,delete,3540,3557
1499036843459,delete,3539,3539
1499036844146,insert,3539,'do'
1499036844416,insert,3541,'cu'
1499036844828,insert,3543,'emto'
1499036845539,delete,3546,3546
1499036846277,delete,3545,3545
1499036846277,delete,3544,3544
1499036847293,insert,3544,'me'
1499036847947,insert,3546,'nto'
1499036848343,delete,3548,3548
1499036848343,delete,3547,3547
1499036848797,delete,3546,3546
1499036848797,delete,3545,3545
1499036849089,delete,3544,3544
1499036849089,delete,3543,3543
1499036851107,insert,3543,'men'
1499036851348,insert,3546,'to '
1499036851656,insert,3549,'pro'
1499036852632,insert,3552,'fu'
1499036852928,insert,3554,'ndo'
1499036874314,delete,3895,3913
1499036874314,insert,3895,'doc'
1499036874794,insert,3898,'umen'
1499036875082,insert,3902,'to'
1499036875472,insert,3904,' '
1499036875977,delete,3904,3904
1499036877073,insert,3904,' c'
1499036877447,insert,3906,'on su'
1499036877934,insert,3911,'s hi'
1499036878170,insert,3915,'s'
1499036878409,insert,3916,'to'
1499036878690,insert,3918,'ria'
1499036878943,insert,3921,'le'
1499036879899,insert,3923,'s'
1499036882601,insert,3904,'s'
1499036896961,delete,3906,3924
1499036896961,insert,3906,'en '
1499036897310,insert,3909,'p'
1499036898704,insert,3910,'ro'
1499036899033,insert,3912,'fu'
1499036899481,insert,3914,'nidad'
1499036900980,delete,3918,3918
1499036901299,delete,3917,3917
1499036901299,delete,3916,3916
1499036901852,delete,3915,3915
1499036902195,insert,3915,'dia'
1499036903271,insert,3918,'d'
1499036903777,delete,3918,3918
1499036903777,delete,3917,3917
1499036903777,insert,3917,'dad'
1499036921842,delete,4002,4020
1499036921842,insert,4002,'pr'
1499036922159,insert,4004,'oce'
1499036922615,insert,4007,'s'
1499036922911,insert,4008,'o d'
1499036923393,insert,4011,'e '
1499036923979,insert,4013,'pr'
1499036924414,insert,4015,'o'
1499036925410,insert,4016,'ducc'
1499036925640,insert,4020,'ió'
1499036925852,insert,4022,'n'
1499036926591,insert,4023,' '
1499036927581,insert,4024,'d'
1499036929728,insert,4025,'e '
1499036930712,insert,4027,'un'
1499036931052,insert,4029,' do'
1499036931484,insert,4032,'cum'
1499036931929,insert,4035,'ento'
