1480615686285,insert,1,'Re'
1480615687828,insert,3,'s'
1480615688891,insert,4,'um'
1480615689147,insert,6,'en'
1480615689628,insert,8,' '
1480615690005,insert,9,'Ch'
1480615690941,insert,11,'ar'
1480615691875,insert,13,'la '
1480615692289,insert,16,'E. '
1480615692702,insert,19,'Tant'
1480615693076,insert,23,'e '
1480615693970,delete,24,24
1480615693970,insert,24,'r'
1480615696670,insert,25,'\n'
1480615699402,insert,26,'I'
1480615699802,insert,27,'gnac'
1480615700429,insert,31,'io'
1480615700662,insert,33,' P'
1480615701063,insert,35,'ere'
1480615701776,delete,37,37
1480615701776,delete,36,36
1480615702194,delete,35,35
1480615703008,insert,35,'ére'
1480615703506,insert,38,'z'
1480615704144,insert,39,'\n'
1480615704144,insert,40,'\n'
1480616032950,insert,40,'\n'
1480616273143,insert,41,'Re'
1480616273915,delete,42,42
1480616275048,delete,41,41
1480616284336,insert,41,'\n'
1480616285668,insert,42,'\n'
1480616288320,insert,43,'É'
1480616289396,insert,44,'ti'
1480616289890,insert,46,'ca'
1480617256329,insert,41,'L'
1480617257539,insert,42,'a'
1480617257770,insert,43,' prim'
1480617258038,insert,48,'era'
1480617258913,insert,51,' part'
1480617259187,insert,56,' d'
1480617259990,delete,57,57
1480617259990,delete,56,56
1480617260469,insert,56,'e '
1480617260863,insert,58,'de'
1480617261292,insert,60,' la '
1480617261743,insert,64,'ch'
1480617262633,insert,66,'ar'
1480617263543,insert,68,'la '
1480617270424,insert,71,'tr'
1480617270935,insert,73,'a'
1480617272400,insert,74,'tó'
1480617272767,insert,76,' '
1480617274917,delete,76,76
1480617275402,delete,75,75
1480617275402,delete,74,74
1480617275688,delete,73,73
1480617280052,insert,73,'a'
1480617281062,insert,74,'t'
1480617281348,insert,75,'ó sob'
1480617281951,insert,80,'re '
1480617283526,insert,83,'l'
1480617284890,insert,84,'os'
1480617285980,insert,86,' d'
1480617287579,insert,88,'iferen'
1480617288673,insert,94,'tes niv'
1480617289624,insert,101,'eles '
1480617290132,insert,106,'de informa'
1480617290486,insert,116,'ci'
1480617291115,insert,118,'ón '
1480617291435,insert,121,'qu'
1480617292523,insert,123,'e '
1480617296709,insert,125,'nod'
1480617296926,insert,128,'as'
1480617297943,delete,129,129
1480617298353,delete,128,128
1480617298353,delete,127,127
1480617298698,insert,127,'s'
1480617299195,insert,128,' '
1480617299607,insert,129,'pe'
1480617300341,delete,130,130
1480617301070,insert,130,'ue'
1480617301306,insert,132,'de'
1480617301684,insert,134,' d'
1480617304424,insert,136,'ar'
1480617304879,insert,138,' '
1480617305874,insert,139,'un '
1480617306702,insert,142,'le'
1480617306913,insert,144,'ng'
1480617307180,insert,146,'uaj'
1480617307480,insert,149,'e '
1480617313888,insert,151,'es'
1480617314147,insert,153,'t'
1480617314557,insert,154,'á'
1480617315003,insert,155,'tic'
1480617315459,insert,158,'amen'
1480617315836,insert,162,'te '
1480617316803,insert,165,'so'
1480617317058,insert,167,'bre'
1480617317972,insert,170,' el'
1480617318487,insert,173,' cpo'
1480617318745,delete,176,176
1480617318745,delete,175,175
1480617321069,insert,175,'omp'
1480617321542,insert,178,'ortamie'
1480617321839,insert,185,'nto d'
1480617322380,insert,190,'e '
1480617323517,insert,192,'su'
1480617323856,insert,194,'s '
1480617387475,delete,195,195
1480617387966,delete,194,194
1480617387966,delete,193,193
1480617387966,delete,192,192
1480617387966,delete,191,191
1480617387966,delete,190,190
1480617387966,delete,189,189
1480617387966,delete,188,188
1480617388393,delete,187,187
1480617388393,delete,186,186
1480617388393,delete,185,185
1480617388393,delete,184,184
1480617388393,delete,183,183
1480617388393,delete,182,182
1480617388393,delete,181,181
1480617388393,delete,180,180
1480617388393,delete,179,179
1480617388393,delete,178,178
1480617388393,delete,177,177
1480617388393,delete,176,176
1480617388393,delete,175,175
1480617388921,delete,174,174
1480617388921,delete,173,173
1480617388921,delete,172,172
1480617388921,delete,171,171
1480617389653,insert,171,'s'
1480617390036,insert,172,'u '
1480617390432,insert,174,'compo'
1480617390881,insert,179,'rt'
1480617391244,insert,181,'m'
1480617391628,delete,181,181
1480617392205,insert,181,'a'
1480617392801,insert,182,'mie'
1480617393517,insert,185,'nt'
1480617393816,insert,187,'o e'
1480617394445,insert,190,'n '
1480617394961,insert,192,'run'
1480617395963,insert,195,'ti'
1480617397000,insert,197,'me. '
1480617400117,insert,201,'E'
1480617400483,insert,202,'s'
1480617401123,insert,203,' d'
1480617402211,insert,205,'e'
1480617402438,insert,206,'cir '
1480617402823,delete,209,209
1480617403652,insert,209,', '
1480617404012,insert,211,'cua'
1480617404440,insert,214,'ndo'
1480617404923,insert,217,' '
1480617418427,insert,121,'se'
1480617419490,insert,123,'gu'
1480617420559,insert,125,'ra '
1480617429590,delete,223,223
1480617429984,delete,222,222
1480617429984,delete,221,221
1480617429984,delete,220,220
1480617429984,delete,219,219
1480617429984,delete,218,218
1480617429984,delete,217,217
1480617429984,delete,216,216
1480617429984,delete,215,215
1480617429984,delete,214,214
1480617429984,delete,213,213
1480617429984,delete,212,212
1480617429984,delete,211,211
1480617429984,delete,210,210
1480617429984,delete,209,209
1480617431081,delete,208,208
1480617431316,insert,208,'Por ejem'
1480617431665,insert,216,'pl'
1480617433011,insert,218,'o'
1480617433268,insert,219,', c'
1480617433550,insert,222,'uan'
1480617433889,insert,225,'do'
1480617434425,insert,227,' se '
1480617434699,insert,231,'de'
1480617435036,insert,233,'c'
1480617435515,insert,234,'lar'
1480617436465,insert,237,'a '
1480617436898,insert,239,'una'
1480617437348,insert,242,' fun'
1480617437888,insert,246,'ció'
1480617438210,insert,249,'n,'
1480617439648,insert,251,' '
1480617459848,insert,252,'cu'
1480617460342,insert,254,'án'
1480617461341,insert,256,'ta '
1480617475424,delete,258,258
1480617475424,delete,257,257
1480617476425,insert,257,'o '
1480617476865,insert,259,'te'
1480617477412,insert,261,'ng'
1480617477652,insert,263,'o'
1480617478290,insert,264,' '
1480617478683,insert,265,'q'
1480617479055,insert,266,'ue e'
1480617479343,insert,270,'s'
1480617479641,insert,271,'pe'
1480617480053,insert,273,'ci'
1480617480508,insert,275,'fic'
1480617480868,insert,278,'ar '
1480617484596,delete,280,280
1480617485658,delete,279,279
1480617485658,delete,278,278
1480617485658,delete,277,277
1480617485658,delete,276,276
1480617485658,delete,275,275
1480617485658,delete,274,274
1480617485658,delete,273,273
1480617485658,delete,272,272
1480617485658,delete,271,271
1480617485658,delete,270,270
1480617485658,delete,269,269
1480617485658,delete,268,268
1480617485658,delete,267,267
1480617485658,delete,266,266
1480617485658,delete,265,265
1480617485658,delete,264,264
1480617485658,delete,263,263
1480617485658,delete,262,262
1480617485658,delete,261,261
1480617486029,delete,260,260
1480617486029,delete,259,259
1480617486029,insert,259,'es po'
1480617486333,insert,264,'si'
1480617486776,insert,266,'ble '
1480617487862,insert,270,'es'
1480617488144,insert,272,'pecific'
1480617489203,insert,279,'ar'
1480617489569,insert,281,' sobre '
1480617491028,insert,288,'és'
1480617491308,insert,290,'ta '
1480617504513,insert,293,'qu'
1480617504762,insert,295,'e '
1480617505141,insert,297,'me '
1480617506294,insert,300,'reve'
1480617506788,insert,304,'le '
1480617509179,insert,307,'y '
1480617509449,insert,309,'me '
1480617509743,insert,312,'as'
1480617510104,insert,314,'e'
1480617510570,insert,315,'gura'
1480617511104,insert,319,' '
1480617511475,insert,320,'su '
1480617522409,insert,323,'co'
1480617522643,insert,325,'mpo'
1480617523125,insert,328,'rt'
1480617523598,insert,330,'amie'
1480617523875,insert,334,'no'
1480617524156,insert,336,' '
1480617524817,delete,336,336
1480617524817,delete,335,335
1480617525954,insert,335,'t'
1480617526170,insert,336,'o'
1480617526924,insert,337,' d'
1480617527214,insert,339,'in'
1480617527813,insert,341,'ámi'
1480617528177,insert,344,'co.'
1480617534439,insert,347,' '
1480617536935,insert,346,', '
1480617537266,insert,348,'es'
1480617538627,insert,350,' d'
1480617538935,insert,352,'ec'
1480617539416,insert,354,'ir, '
1480617540286,insert,358,'ti'
1480617540524,insert,360,'po'
1480617541095,insert,362,'s '
1480617541369,insert,364,'de '
1480617541776,insert,367,'in'
1480617542068,insert,369,'pu'
1480617542570,insert,371,'t'
1480617545834,delete,371,371
1480617546340,delete,370,370
1480617546340,delete,369,369
1480617546592,delete,368,368
1480617547002,delete,367,367
1480617547591,insert,367,'pa'
1480617548580,insert,369,'r'
1480617548960,insert,370,'ámetro'
1480617549383,insert,376,'s, '
1480617550581,insert,379,'ti'
1480617550851,insert,381,'pos'
1480617551151,insert,384,' d'
1480617551647,insert,386,'e '
1480617551912,insert,388,'re'
1480617552182,insert,390,'to'
1480617552631,insert,392,'rno'
1480617552974,insert,395,','
1480617553453,insert,396,' '
1480617556486,delete,383,383
1480617570084,insert,396,'qu'
1480617570766,insert,398,'é '
1480617572685,delete,399,399
1480617572685,delete,398,398
1480617572984,delete,397,397
1480617573391,delete,396,396
1480617574984,insert,396,'e'
1480617575423,insert,397,'xc'
1480617575756,insert,399,'ep'
1480617576181,insert,401,'c'
1480617576577,insert,402,'ione'
1480617577109,insert,406,'s q'
1480617577331,insert,409,' e'
1480617577882,delete,410,410
1480617577882,delete,409,409
1480617578604,insert,409,'ue '
1480617578876,insert,412,'pue'
1480617579171,insert,415,'da'
1480617579650,insert,417,' lan'
1480617580606,insert,421,'zar'
1480617581284,insert,424,', '
1480617581683,insert,426,'I/'
1480617582268,insert,428,'o'
1480617582954,delete,428,428
1480617582954,delete,427,427
1480617583429,delete,426,426
1480617591274,insert,426,'in'
1480617591534,insert,428,'pu'
1480617591878,insert,430,'t'
1480617592450,insert,431,'/'
1480617593028,insert,432,'o'
1480617593232,insert,433,'u'
1480617593553,insert,434,'t'
1480617593984,insert,435,'pu'
1480617594406,insert,437,'t,'
1480617594878,insert,439,' '
1480617597104,insert,440,'e'
1480617597601,insert,441,'tc'
1480617598389,insert,444,' '
1480617606912,insert,445,'Le'
1480617607141,insert,447,'ng'
1480617607385,insert,449,'uaj'
1480617607640,insert,452,'es'
1480617607871,insert,454,' c'
1480617608238,insert,456,'omo'
1480617608863,insert,459,' '
1480617609241,insert,460,'P'
1480617609552,insert,461,'yt'
1480617609932,insert,463,'o'
1480617610466,delete,463,463
1480617611134,insert,463,'ho'
1480617611500,insert,465,'n '
1480617614919,insert,467,'t'
1480617615228,insert,468,'ie'
1480617615854,insert,470,'nen un'
1480617616381,insert,476,' '
1480617617336,insert,477,'s'
1480617617545,insert,478,'is'
1480617617811,insert,480,'te'
1480617618068,insert,482,'ma'
1480617618322,insert,484,' '
1480617619468,insert,485,'d'
1480617619977,insert,486,'e '
1480617620321,insert,488,'esp'
1480617620785,insert,491,'eci'
1480617621130,insert,494,'fi'
1480617621604,insert,496,'cac'
1480617621998,insert,499,'ión'
1480617622465,insert,502,' mu'
1480617622789,insert,505,'y '
1480617623253,insert,507,'pob'
1480617623893,insert,510,'re'
1480617624340,insert,512,', '
1480617625699,insert,514,'en '
1480617626076,insert,517,'l'
1480617626493,delete,517,517
1480617626882,insert,517,'l'
1480617627283,delete,517,517
1480617627619,insert,517,'e'
1480617628053,insert,518,'l '
1480617628587,insert,520,'que'
1480617628819,insert,523,' no'
1480617629748,insert,526,' e'
1480617629991,insert,528,'s '
1480617630336,insert,530,'ne'
1480617630664,insert,532,'ces'
1480617631121,insert,535,'asrio '
1480617631675,delete,540,540
1480617632072,delete,539,539
1480617632527,delete,538,538
1480617632527,delete,537,537
1480617632895,delete,536,536
1480617633761,insert,536,'rio'
1480617634087,insert,539,' '
1480617654285,delete,539,539
1480617654774,delete,538,538
1480617654774,delete,537,537
1480617654774,delete,536,536
1480617654774,delete,535,535
1480617654774,delete,534,534
1480617654774,delete,533,533
1480617654774,delete,532,532
1480617655279,delete,531,531
1480617655279,delete,530,530
1480617655279,delete,529,529
1480617655279,delete,528,528
1480617655279,delete,527,527
1480617655279,delete,526,526
1480617655279,delete,525,525
1480617655279,delete,524,524
1480617655279,delete,523,523
1480617655279,delete,522,522
1480617655279,delete,521,521
1480617655279,delete,520,520
1480617655279,delete,519,519
1480617655672,delete,518,518
1480617655672,delete,517,517
1480617656085,delete,516,516
1480617657043,delete,515,515
1480617657410,delete,514,514
1480617664519,insert,466,' '
1480617664823,insert,467,'('
1480617665280,insert,468,'no '
1480617666299,insert,471,'t'
1480617666516,insert,472,'ip'
1480617666924,insert,474,'if'
1480617667474,insert,476,'ic'
1480617667686,insert,478,'ado'
1480617667948,insert,481,'s'
1480617668433,insert,482,'='
1480617669088,delete,482,482
1480617669470,insert,482,')'
1480617673297,delete,532,532
1480617673737,delete,531,531
1480617678454,delete,530,530
1480617678661,delete,529,529
1480617680839,insert,529,';'
1480617682303,insert,530,' '
1480617682598,insert,531,'Ja'
1480617683017,insert,533,'va '
1480617683390,insert,536,'se'
1480617683875,insert,538,' enc'
1480617684302,insert,542,'uent'
1480617684725,insert,546,'ra '
1480617685076,insert,549,'un'
1480617685515,insert,551,' po'
1480617685961,insert,554,'fo'
1480617686381,delete,555,555
1480617686381,delete,554,554
1480617687335,insert,554,'co '
1480617687642,insert,557,'m'
1480617688746,insert,558,'ás '
1480617689043,insert,561,'arri'
1480617689593,insert,565,'ba'
1480617691242,insert,567,' '
1480617691491,insert,568,'(t'
1480617691987,insert,570,'ip'
1480617692238,insert,572,'i'
1480617692670,insert,573,'f'
1480617692929,insert,574,'ic'
1480617693171,insert,576,'ao'
1480617693817,delete,577,577
1480617693817,insert,577,'d'
1480617695340,insert,578,'o'
1480617695551,insert,579,') '
1480617713960,delete,580,580
1480617719108,insert,580,' '
1480617720249,insert,581,'y '
1480617720791,insert,583,'le'
1480617721018,insert,585,'ng'
1480617721310,insert,587,'ua'
1480617721605,insert,589,'je'
1480617722055,insert,591,'s '
1480617723111,insert,593,'com'
1480617723499,insert,596,'o '
1480617724011,insert,598,'A'
1480617724488,delete,598,598
1480617724922,insert,598,'Ha'
1480617725199,insert,600,'s'
1480617725652,insert,601,'kel '
1480617726774,delete,604,604
1480617727201,insert,604,'l '
1480617740885,insert,606,'ya'
1480617741175,insert,608,' n'
1480617743051,insert,610,'os '
1480617743374,insert,613,'pe'
1480617743786,insert,615,'r'
1480617744225,insert,616,'mite'
1480617744790,insert,620,'n '
1480617745280,insert,622,'as'
1480617745539,insert,624,'eh'
1480617746786,delete,625,625
1480617747441,insert,625,'gur'
1480617747850,insert,628,'ar'
1480617748283,insert,630,' ,'
1480617748701,insert,632,'á'
1480617749282,delete,632,632
1480617749282,delete,631,631
1480617749991,insert,631,','
1480617750486,delete,631,631
1480617750833,insert,631,'mas'
1480617751342,insert,634,' '
1480617751810,delete,634,634
1480617751810,delete,633,633
1480617752106,delete,632,632
1480617752823,insert,632,'ás'
1480617753112,insert,634,' c'
1480617753366,insert,636,'osa'
1480617753646,insert,639,'s '
1480617754591,insert,641,'al '
1480617757476,insert,644,'de'
1480617757766,insert,646,'f'
1480617758285,insert,647,'inir'
1480617758739,insert,651,' '
1480617759571,insert,652,'fu'
1480617759885,insert,654,'ncion'
1480617760289,insert,659,'ar '
1480617760724,delete,661,661
1480617760724,delete,660,660
1480617761184,delete,659,659
1480617761184,insert,659,'er'
1480617761553,delete,660,660
1480617761553,insert,660,'s'
1480617761786,insert,661,' '
1480617765737,insert,662,'ya '
1480617766038,insert,665,'que'
1480617766255,insert,668,' '
1480617768791,insert,669,'su'
1480617769048,insert,671,' si'
1480617769340,insert,674,'nt'
1480617770689,insert,676,'a'
1480617770982,insert,677,'xis s'
1480617771431,insert,682,'e '
1480617772183,insert,684,'em'
1480617772617,insert,686,'pie'
1480617773029,insert,689,'z'
1480617773851,insert,690,'a'
1480617774081,insert,691,' a '
1480617774412,insert,694,'pa'
1480617774864,insert,696,'rec'
1480617775230,insert,699,'er'
1480617775628,insert,701,' ,'
1480617776372,insert,703,'ás'
1480617777251,delete,704,704
1480617777251,delete,703,703
1480617777251,delete,702,702
1480617777466,insert,702,'m'
1480617777847,insert,703,'a'
1480617778524,delete,703,703
1480617779556,insert,703,'ás '
1480617779809,insert,706,'a '
1480617780107,insert,708,'las'
1480617780589,insert,711,' d'
1480617780990,insert,713,'efic'
1480617781411,insert,717,'iones'
1480617781913,insert,722,' '
1480617782175,insert,723,'m'
1480617782605,insert,724,'a'
1480617782892,insert,725,'t'
1480617783104,insert,726,'em'
1480617783544,insert,728,'át'
1480617784076,insert,730,'ic'
1480617784310,insert,732,'as.'
1480617784697,insert,735,' '
1480617791373,insert,716,'ni'
1480617797593,insert,738,'O'
1480617797886,insert,739,'tro'
1480617798375,insert,742,'s le'
1480617798673,insert,746,'ng'
1480617799129,insert,748,'uaje'
1480617800279,insert,752,'s m'
1480617800513,insert,755,'ás ext'
1480617800770,insert,761,'ra'
1480617801328,insert,763,'ño'
1480617801595,insert,765,'s '
1480617803903,insert,767,'ll'
1480617804217,insert,769,'e'
1480617804673,insert,770,'va'
1480617805111,insert,772,'n la'
1480617805763,insert,776,' espe'
1480617806181,insert,781,'cif'
1480617806738,insert,784,'icac'
1480617807074,insert,788,'ió'
1480617807510,insert,790,' al'
1480617807940,insert,793,' e'
1480617808384,insert,795,'xtrem'
1480617808869,insert,800,'o '
1480617809290,insert,802,'si'
1480617809562,insert,804,'en'
1480617809778,insert,806,'do'
1480617810259,insert,808,' cap'
1480617810689,insert,812,'ace'
1480617811164,insert,815,'s d'
1480617811585,insert,818,' '
1480617812586,delete,818,818
1480617812586,insert,818,'e '
1480617815555,insert,790,'n'
1480617817903,delete,819,819
1480617818431,delete,818,818
1480617818994,delete,817,817
1480617818994,delete,816,816
1480617818994,delete,815,815
1480617818994,delete,814,814
1480617818994,delete,813,813
1480617818994,delete,812,812
1480617818994,delete,811,811
1480617819360,delete,810,810
1480617819360,delete,809,809
1480617819360,delete,808,808
1480617819360,delete,807,807
1480617819360,delete,806,806
1480617819360,delete,805,805
1480617819360,delete,804,804
1480617819681,delete,803,803
1480617820335,insert,803,'y s'
1480617820593,insert,806,'on'
1480617820874,insert,808,' ca'
1480617821144,insert,811,'pa'
1480617821358,insert,813,'ce'
1480617821779,insert,815,'s '
1480617822443,insert,817,'de'
1480617822836,insert,819,' ver'
1480617823360,insert,823,'ifi'
1480617823645,insert,826,'ca'
1480617823862,insert,828,'r '
1480617827495,insert,830,'te'
1480617827747,insert,832,'ro'
1480617828315,insert,834,'rem'
1480617828614,insert,837,'o'
1480617829155,delete,837,837
1480617829155,insert,837,'as'
1480617829889,delete,838,838
1480617830383,delete,837,837
1480617830383,delete,836,836
1480617830383,delete,835,835
1480617830383,delete,834,834
1480617830979,delete,833,833
1480617830979,delete,832,832
1480617832208,insert,832,'ore'
1480617832640,insert,835,'mos'
1480617833158,delete,837,837
1480617833158,delete,836,836
1480617833158,insert,836,'as'
1480617842042,insert,838,' '
1480617842676,insert,839,'('
1480617842915,insert,840,'es'
1480617843992,insert,842,'to'
1480617844261,insert,844,' s'
1480617844608,insert,846,'i'
1480617846131,delete,846,846
1480617846396,insert,846,'re'
1480617846795,delete,847,847
1480617846795,delete,846,846
1480617848176,insert,846,'ig'
1480617848992,insert,848,'nifi'
1480617849421,insert,852,'ca que no '
1480617849706,insert,862,'pue'
1480617849965,insert,865,'de'
1480617850215,insert,867,'n e'
1480617850530,insert,870,'s'
1480617850968,delete,870,870
1480617850968,insert,870,'x'
1480617851415,insert,871,'isti'
1480617851851,insert,875,'r '
1480617856687,insert,877,'“'
1480617857026,insert,878,'e'
1480617857431,insert,879,'rroe'
1480617858361,delete,882,882
1480617858838,delete,881,881
1480617858838,delete,880,880
1480617858838,delete,879,879
1480617858838,delete,878,878
1480617859169,delete,877,877
1480617859921,insert,877,'er'
1480617860253,insert,879,'rore'
1480617860633,insert,883,'s '
1480617863124,insert,885,'de'
1480617863526,insert,887,' co'
1480617863967,insert,890,'mp'
1480617865063,insert,892,'ort'
1480617865414,insert,895,'amiento'
1480617865732,delete,901,901
1480617866250,delete,900,900
1480617866250,delete,899,899
1480617866250,delete,898,898
1480617866250,delete,897,897
1480617866250,delete,896,896
1480617866250,delete,895,895
1480617866250,delete,894,894
1480617866746,delete,893,893
1480617866746,delete,892,892
1480617866746,delete,891,891
1480617866746,delete,890,890
1480617866746,delete,889,889
1480617866746,delete,888,888
1480617866746,delete,887,887
1480617866746,delete,886,886
1480617866746,delete,885,885
1480617866746,delete,884,884
1480617866746,delete,883,883
1480617866746,delete,882,882
1480617866746,delete,881,881
1480617867042,delete,880,880
1480617867042,delete,879,879
1480617867403,delete,878,878
1480617867403,delete,877,877
1480617867831,insert,877,'c'
1480617868247,insert,878,'ompo'
1480617868652,insert,882,'rta'
1480617869114,insert,885,'mien'
1480617869552,insert,889,'tos '
1480617870045,insert,893,'err'
1480617870445,insert,896,'ado'
1480617870881,insert,899,'os'
1480617871278,delete,900,900
1480617871278,delete,899,899
1480617871278,insert,899,'s'
1480617872846,insert,900,')'
1480617873119,insert,901,'.'
1480617873949,insert,902,' '
1480617891473,insert,903,'A'
1480617891981,insert,904,'lgun'
1480617892220,insert,908,'o '
1480617892757,delete,909,909
1480617892757,insert,909,'s '
1480617896473,delete,910,910
1480617896972,delete,909,909
1480617896972,delete,908,908
1480617896972,delete,907,907
1480617896972,delete,906,906
1480617896972,delete,905,905
1480617897464,delete,904,904
1480617898974,insert,904,'un'
1480617899345,insert,906,' '
1480617900852,insert,907,'hay'
1480617902555,insert,910,' '
1480617903129,insert,911,'oro'
1480617904681,delete,913,913
1480617904896,delete,912,912
1480617905676,insert,912,'tr'
1480617905915,insert,914,'os'
1480617906139,insert,916,' '
1480618152912,delete,583,583
1480618152912,delete,582,582
1480618153286,delete,581,581
1480618153652,delete,580,580
1480618154203,insert,580,'; j'
1480618155216,delete,582,582
1480618155893,insert,582,'l'
1480618162746,delete,737,737
1480618163161,delete,736,736
1480618163161,delete,735,735
1480618163500,insert,735,' '
1480618164243,insert,736,'y'
1480618165250,insert,737,' o'
1480618172169,delete,754,766
1480618173117,delete,753,753
1480618173675,insert,753,'\n'
1480618211505,delete,889,904
1480618211505,insert,889,' '
1480618227944,delete,891,896
1480618228864,delete,890,890
1480618229899,delete,889,889
1480618229899,insert,889,' '
1480618272129,insert,890,'A'
1480618272653,insert,891,'ún'
1480618272931,insert,893,' h'
1480618273456,insert,895,'ay'
1480618274805,insert,897,' '
1480618275846,insert,898,'otro s'
1480618276128,delete,903,903
1480618276128,delete,902,902
1480618276128,insert,902,'s '
1480618278874,delete,903,903
1480618278874,delete,902,902
1480618279211,delete,901,901
1480618279655,delete,900,900
1480618279655,delete,899,899
1480618280242,delete,898,898
1480618280600,delete,897,897
1480618280600,delete,896,896
1480618280600,delete,895,895
1480618281194,delete,894,894
1480618281649,insert,894,'ex'
1480618281931,insert,896,'iste'
1480618282394,insert,900,'n '
1480618283804,insert,902,'un'
1480618284163,insert,904,'os '
1480618284593,insert,907,'ken'
1480618284901,insert,910,'gu'
1480618286064,insert,912,'aj'
1480618286293,delete,913,913
1480618286293,delete,912,912
1480618286293,delete,911,911
1480618286293,delete,910,910
1480618286293,delete,909,909
1480618286293,delete,908,908
1480618286835,delete,907,907
1480618287284,insert,907,'le'
1480618287597,insert,909,'n'
1480618288421,insert,910,'g'
1480618288742,insert,911,'u'
1480618289844,insert,912,'j'
1480618290277,delete,912,912
1480618290687,insert,912,'aje'
1480618291333,insert,915,'s '
1480618293039,insert,917,'m'
1480618295087,insert,918,'ás'
1480618295473,insert,920,' '
1480618297724,insert,921,'e'
1480618298705,insert,922,'xtra'
1480618299591,insert,926,'ño'
1480618300475,insert,928,'s q'
1480618301510,insert,931,'ue '
1480618304406,insert,934,'ad'
1480618304614,insert,936,'mi'
1480618304858,insert,938,'te'
1480618305082,insert,940,'n'
1480618305326,insert,941,' d'
1480618305699,insert,943,'if'
1480618306150,insert,945,'eren'
1480618306535,insert,949,'te'
1480618306983,insert,951,'s ni'
1480618307393,insert,955,'v'
1480618307810,insert,956,'les '
1480618308497,insert,960,'d'
1480618308854,delete,960,960
1480618308854,delete,959,959
1480618309356,delete,958,958
1480618309356,delete,957,957
1480618309790,delete,956,956
1480618309790,insert,956,'e'
1480618310265,insert,957,'le'
1480618310723,insert,959,'s d'
1480618311192,insert,962,'e '
1480618311663,insert,964,'e'
1480618312144,insert,965,'s'
1480618312414,insert,966,'peci'
1480618312731,insert,970,'d'
1480618313082,delete,970,970
1480618313082,insert,970,'f'
1480618313563,insert,971,'icac'
1480618314525,insert,975,'ió'
1480618314845,insert,977,'n '
1480618368253,delete,978,978
1480618389682,insert,978,' '
1480618389893,insert,979,'par'
1480618390325,insert,982,'a m'
1480618390654,insert,985,'a'
1480618391292,insert,986,'yor '
1480618391615,insert,990,'fle'
1480618392022,insert,993,'xi'
1480618392365,insert,995,'bi'
1480618392845,insert,997,'lida'
1480618393308,insert,1001,'d en'
1480618393582,insert,1005,'el'
1480618394492,delete,1006,1006
1480618394492,delete,1005,1005
1480618394724,insert,1005,' el'
1480618395023,insert,1008,' d'
1480618395495,insert,1010,'esa'
1480618395959,insert,1013,'rro'
1480618396258,insert,1016,'ll'
1480618396501,insert,1018,'o'
1480618396765,insert,1019,'.'
1480618402066,insert,1020,' '
1480618403122,delete,1020,1020
1480618403637,delete,1019,1019
1480618403637,delete,1018,1018
1480618403637,delete,1017,1017
1480618403637,delete,1016,1016
1480618403637,delete,1015,1015
1480618403637,delete,1014,1014
1480618403637,delete,1013,1013
1480618404003,delete,1012,1012
1480618404003,delete,1011,1011
1480618404003,delete,1010,1010
1480618404003,delete,1009,1009
1480618404003,delete,1008,1008
1480618404003,delete,1007,1007
1480618404003,delete,1006,1006
1480618404480,delete,1005,1005
1480618404480,delete,1004,1004
1480618404480,delete,1003,1003
1480618404958,insert,1003,'s'
1480618405351,insert,1004,'ut'
1480618405908,insert,1006,'ra'
1480618406357,delete,1007,1007
1480618406357,delete,1006,1006
1480618406757,delete,1005,1005
1480618406757,delete,1004,1004
1480618407418,delete,1003,1003
1480618407663,insert,1003,'d'
1480618408566,insert,1004,'u'
1480618408802,insert,1005,'rante el'
1480618409086,insert,1013,' s'
1480618409562,delete,1014,1014
1480618409562,insert,1014,'d'
1480618409976,insert,1015,'esa'
1480618410567,insert,1018,'rr'
1480618410862,insert,1020,'o'
1480618411301,insert,1021,'llo'
1480618411641,insert,1024,'.'
1480618545900,delete,753,753
1480618546382,insert,753,' '
1480618557173,insert,1026,'\x0b'
1480618558291,insert,1027,'La'
1480618558548,insert,1029,' '
1480618559128,insert,1030,'se'
1480618559500,insert,1032,'gun'
1480618560542,insert,1035,'da '
1480618561088,insert,1038,'parte '
1480618561947,insert,1044,'se '
1480618562203,insert,1047,'co'
1480618562425,insert,1049,'nc'
1480618562642,insert,1051,'en'
1480618562894,insert,1053,'tra '
1480618565688,insert,1057,'en'
1480618565945,insert,1059,' '
1480618567186,insert,1060,'la '
1480618567746,insert,1063,'é'
1480618567975,insert,1064,'ti'
1480618568805,insert,1066,'ca '
1480618569090,insert,1069,'de la '
1480618569487,insert,1075,'in'
1480618570095,insert,1077,'vest'
1480618570509,insert,1081,'igac'
1480618572266,insert,1085,'ió'
1480618572521,insert,1087,'n '
1480618580472,insert,1089,'en'
1480618580799,insert,1091,' vienvias'
1480618581887,delete,1099,1099
1480618581887,delete,1098,1098
1480618581887,delete,1097,1097
1480618581887,delete,1096,1096
1480618581887,delete,1095,1095
1480618582189,delete,1094,1094
1480618582189,delete,1093,1093
1480618583361,delete,1092,1092
1480618583593,insert,1092,'cinc'
1480618584711,delete,1095,1095
1480618584711,delete,1094,1094
1480618585661,insert,1094,'e'
1480618587012,insert,1095,'nc'
1480618587422,insert,1097,'ias d'
1480618587737,insert,1102,'e '
1480618588181,insert,1104,'la'
1480618588593,insert,1106,' c'
1480618588922,insert,1108,'omp'
1480618589404,insert,1111,'utac'
1480618589933,insert,1115,'ión'
1480618590585,insert,1118,'.'
1480618606862,insert,1119,' '
1480618607258,insert,1120,'So'
1480618607947,insert,1122,'bre'
1480618608438,insert,1125,' t'
1480618608763,insert,1127,'od'
1480618609241,insert,1129,'o en'
1480618609622,insert,1133,' co'
1480618609997,insert,1136,'n'
1480618611174,insert,1137,'si'
1480618611421,insert,1139,'de'
1480618611655,insert,1141,'ra'
1480618612096,insert,1143,'cio'
1480618612412,insert,1146,'nes'
1480618613596,insert,1149,' q'
1480618613912,insert,1151,'ue ha'
1480618615050,insert,1156,'y que '
1480618615302,insert,1162,'tener  '
1480618615744,delete,1168,1168
1480618615744,insert,1168,'a'
1480618616075,insert,1169,' '
1480618616549,insert,1170,'la '
1480618616980,insert,1173,'hora'
1480618617342,insert,1177,' '
1480618618133,insert,1178,'de'
1480618618495,insert,1180,' e'
1480618618814,insert,1182,'ni'
1480618619544,delete,1183,1183
1480618619885,insert,1183,'vi'
1480618620357,insert,1185,'ar '
1480618620851,insert,1188,'ap'
1480618621232,delete,1189,1189
1480618621232,delete,1188,1188
1480618621538,delete,1187,1187
1480618623064,insert,1187,' '
1480618623329,insert,1188,'pap'
1480618624236,insert,1191,'er'
1480618624573,insert,1193,'s a v'
1480618625354,delete,1197,1197
1480618625354,insert,1197,'c'
1480618625764,insert,1198,'on'
1480618626086,insert,1200,'fe'
1480618627226,insert,1202,'renc'
1480618627599,insert,1206,'ias o e'
1480618628027,insert,1213,'di'
1480618628524,insert,1215,'tori'
1480618629016,insert,1219,'ales'
1480618629902,insert,1223,'.'
1480618667941,insert,1224,' '
1480618668251,insert,1225,'M'
1480618668705,insert,1226,'ucho '
1480618669065,insert,1231,'d'
1480618669465,insert,1232,'e '
1480618670703,insert,1234,'és'
1480618671054,insert,1236,'t'
1480618671658,insert,1237,'o '
1480618671897,insert,1239,'se'
1480618672362,insert,1241,' re'
1480618672699,insert,1244,'sum'
1480618673165,insert,1247,'e en'
1480618673417,insert,1251,' q'
1480618673670,insert,1253,'ue '
1480618674597,insert,1256,'a '
1480618674946,insert,1258,'la'
1480618675285,delete,1259,1259
1480618675285,delete,1258,1258
1480618676499,delete,1257,1257
1480618676499,delete,1256,1256
1480618681087,delete,1255,1255
1480618681087,delete,1254,1254
1480618681329,delete,1253,1253
1480618681329,delete,1252,1252
1480618681626,delete,1251,1251
1480618682106,insert,1251,':'
1480618690227,delete,1251,1251
1480618690597,insert,1251,' q'
1480618690915,insert,1253,'ue '
1480618691475,insert,1256,'hay '
1480618691768,insert,1260,'t'
1480618692212,insert,1261,'n'
1480618693424,delete,1261,1261
1480618693424,insert,1261,'e'
1480618693680,insert,1262,'ner que '
1480618694736,delete,1269,1269
1480618694736,delete,1268,1268
1480618695083,delete,1267,1267
1480618695544,delete,1266,1266
1480618695544,insert,1266,'c'
1480618696179,insert,1267,'ui'
1480618697551,insert,1269,'dad'
1480618698174,insert,1272,'o'
1480619482491,insert,1273,'co'
1480619482732,insert,1275,'n'
1480619483374,delete,1275,1275
1480619484399,delete,1274,1274
1480619484693,delete,1273,1273
1480619489630,insert,1273,' c'
1480619489911,insert,1275,'ua'
1480619490345,insert,1277,'no'
1480619490870,insert,1279,'¿'
1480619491948,delete,1279,1279
1480619491948,delete,1278,1278
1480619492249,insert,1278,'do'
1480619493455,insert,1280,' se'
1480619493743,insert,1283,' usan'
1480619494603,delete,1287,1287
1480619494603,delete,1286,1286
1480619494901,delete,1285,1285
1480619494901,delete,1284,1284
1480619495754,insert,1284,'c'
1480619496254,insert,1285,'ita '
1480619496525,insert,1289,'a '
1480619497275,insert,1291,'otro'
1480619497786,insert,1295,'s '
1480619503320,insert,1297,'im'
1480619504256,insert,1299,'plíci'
1480619504507,insert,1304,'tm'
1480619504949,delete,1305,1305
1480619506065,delete,1304,1304
1480619506304,delete,1303,1303
1480619506304,delete,1302,1302
1480619506304,delete,1301,1301
1480619506304,delete,1300,1300
1480619506304,delete,1299,1299
1480619506304,delete,1298,1298
1480619506617,delete,1297,1297
1480619506992,delete,1296,1296
1480619508219,delete,1295,1295
1480619508566,delete,1294,1294
1480619508566,delete,1293,1293
1480619508566,delete,1292,1292
1480619508566,delete,1291,1291
1480619508566,delete,1290,1290
1480619508566,delete,1289,1289
1480619510254,insert,1289,'ver'
1480619511288,insert,1292,'bat'
1480619511816,insert,1295,'im '
1480619514992,insert,1298,'a '
1480619515335,insert,1300,'orto'
1480619515917,insert,1304,'s '
1480619517059,delete,1305,1305
1480619517059,delete,1304,1304
1480619517502,delete,1303,1303
1480619517502,delete,1302,1302
1480619518646,delete,1301,1301
1480619521964,insert,1301,'tro'
1480619522599,insert,1304,' '
1480619522877,insert,1305,'au'
1480619523200,insert,1307,'to'
1480619524380,insert,1309,'r'
1480619525930,insert,1310,' '
1480619527164,insert,1311,'o '
1480619527427,insert,1313,'s'
1480619527785,insert,1314,'e '
1480619528222,insert,1316,'ha'
1480619528584,insert,1318,'c'
1480619529312,insert,1319,'e'
1480619529614,insert,1320,' '
1480619531564,delete,1320,1320
1480619531564,delete,1319,1319
1480619531907,delete,1318,1318
1480619531907,delete,1317,1317
1480619531907,delete,1316,1316
1480619532893,insert,1316,'usa'
1480619533960,insert,1319,'n i'
1480619534938,insert,1322,'deas '
1480619536854,delete,1326,1326
1480619537099,delete,1325,1325
1480619537099,delete,1324,1324
1480619537099,delete,1323,1323
1480619537099,delete,1322,1322
1480619537099,delete,1321,1321
1480619537099,delete,1320,1320
1480619537099,delete,1319,1319
1480619537099,delete,1318,1318
1480619537099,delete,1317,1317
1480619537099,delete,1316,1316
1480619538158,insert,1316,'re'
1480619538383,insert,1318,'usa ma'
1480619539458,insert,1324,'te'
1480619539663,insert,1326,'rial '
1480619546928,insert,1318,'-'
1480619552177,insert,1331,' '
1480619561166,insert,1332,'d'
1480619561396,insert,1333,'e '
1480619562342,insert,1335,'un'
1480619562683,insert,1337,' '
1480619564052,delete,1337,1337
1480619564403,insert,1337,'apub'
1480619565428,insert,1341,'lic'
1480619565749,insert,1344,'ación '
1480619566167,delete,1349,1349
1480619568381,insert,1338,' '
1480619574634,insert,1351,'pr'
1480619574839,insert,1353,'op'
1480619575068,insert,1355,'ia '
1480619575365,insert,1358,'an'
1480619575851,insert,1360,'terior'
1480619577904,delete,1365,1365
1480619578391,delete,1364,1364
1480619578391,delete,1363,1363
1480619578391,delete,1362,1362
1480619578391,delete,1361,1361
1480619578391,delete,1360,1360
1480619578736,delete,1359,1359
1480619578736,delete,1358,1358
1480619579890,delete,1357,1357
1480619580154,insert,1357,'. '
1480619581002,delete,1358,1358
1480619581956,delete,1357,1357
1480619582556,insert,1357,':'
1480619582778,insert,1358,' e'
1480619583021,insert,1360,'n '
1480619584370,insert,1362,'el '
1480619584615,insert,1365,'pi'
1480619584926,delete,1366,1366
1480619585356,insert,1366,'r'
1480619585779,insert,1367,'imer '
1480619586257,insert,1372,'cas'
1480619586613,insert,1375,'o'
1480619588068,insert,1376,','
1480619588343,insert,1377,' es'
1480619588707,insert,1380,' ne'
1480619589218,insert,1383,'ce'
1480619590316,insert,1385,'sa'
1480619590581,insert,1387,'rio'
1480619590893,insert,1390,' '
1480619592062,insert,1391,'usar '
1480619592362,insert,1396,'comil'
1480619592868,insert,1401,'las '
1480619595508,insert,1405,'par'
1480619595870,insert,1408,'a denot'
1480619597044,insert,1415,'ar '
1480619597883,insert,1418,'la '
1480619598147,insert,1421,'ci'
1480619598415,insert,1423,'ta '
1480619598812,insert,1426,'te'
1480619599198,insert,1428,'xt'
1480619599509,insert,1430,'ual'
1480619600647,insert,1433,', '
1480619601072,insert,1435,'de l'
1480619601359,insert,1439,'o '
1480619601589,insert,1441,'con'
1480619602141,insert,1444,'trari'
1480619602542,insert,1449,'o '
1480619607558,delete,1450,1450
1480619608083,delete,1449,1449
1480619608083,delete,1448,1448
1480619608083,delete,1447,1447
1480619608083,delete,1446,1446
1480619608083,delete,1445,1445
1480619608083,delete,1444,1444
1480619608083,delete,1443,1443
1480619608316,delete,1442,1442
1480619608316,delete,1441,1441
1480619608316,delete,1440,1440
1480619608316,delete,1439,1439
1480619608316,delete,1438,1438
1480619608531,delete,1437,1437
1480619608759,delete,1436,1436
1480619608980,delete,1435,1435
1480619609573,insert,1435,'y '
1480619609856,insert,1437,'en '
1480619610122,insert,1440,'el '
1480619610527,insert,1443,'se'
1480619610906,insert,1445,'gunda'
1480619611475,delete,1449,1449
1480619611942,insert,1449,'o '
1480619612264,insert,1451,'hay'
1480619612762,insert,1454,'q ue'
1480619613828,delete,1457,1457
1480619613828,delete,1456,1456
1480619614180,delete,1455,1455
1480619614180,delete,1454,1454
1480619614681,insert,1454,' q'
1480619615061,insert,1456,'u'
1480619615574,insert,1457,'e'
1480619615983,insert,1458,' deh'
1480619616442,insert,1462,'ar '
1480619616735,insert,1465,'m'
1480619617098,insert,1466,'u'
1480619617543,insert,1467,'y'
1480619617892,delete,1467,1467
1480619618394,delete,1466,1466
1480619618394,delete,1465,1465
1480619618394,delete,1464,1464
1480619618394,delete,1463,1463
1480619618394,delete,1462,1462
1480619618897,delete,1461,1461
1480619619304,insert,1461,'ja'
1480619619773,insert,1463,'r m'
1480619620801,insert,1466,'uy'
1480619621139,insert,1468,' claro q'
1480619621575,insert,1476,'ue s'
1480619621877,insert,1480,'e e'
1480619622391,insert,1483,'st'
1480619622811,insert,1485,'á ha'
1480619623257,insert,1489,'cien'
1480619624574,insert,1493,'do '
1480619624788,insert,1496,'una '
1480619625038,insert,1500,'au'
1480619625386,insert,1502,'to'
1480619625847,insert,1504,'cit'
1480619626179,insert,1507,'a'
1480619626935,insert,1508,', '
1480619627357,insert,1510,'o '
1480619628645,insert,1512,'si'
1480619628938,insert,1514,' es'
1480619631018,insert,1517,'t'
1480619631318,insert,1518,'á '
1480619633333,delete,1519,1519
1480619633333,delete,1518,1518
1480619633624,delete,1517,1517
1480619633624,delete,1516,1516
1480619634115,delete,1515,1515
1480619634115,insert,1515,'se'
1480619634407,insert,1517,' e'
1480619634666,insert,1519,'st'
1480619635254,insert,1521,'á '
1480619635566,insert,1523,'po'
1480619636087,insert,1525,'stu'
1480619636427,insert,1528,'lan'
1480619636906,insert,1531,'do '
1480619637200,insert,1534,'a'
1480619637652,insert,1535,' u'
1480619638227,insert,1537,'n '
1480619641477,insert,1539,'con'
1480619641870,insert,1542,'gre'
1480619642336,insert,1545,'s '
1480619642991,delete,1546,1546
1480619643601,delete,1545,1545
1480619644115,delete,1544,1544
1480619644115,delete,1543,1543
1480619644115,delete,1542,1542
1480619644115,delete,1541,1541
1480619644115,delete,1540,1540
1480619644115,delete,1539,1539
1480619645302,insert,1539,'co'
1480619645587,insert,1541,'ngre'
1480619646170,insert,1545,'so '
1480619646501,insert,1548,'cn'
1480619647264,delete,1549,1549
1480619647902,insert,1549,'on '
1480619648524,insert,1552,'un'
1480619648783,insert,1554,' '
1480619649015,insert,1555,'pap'
1480619649272,insert,1558,'er '
1480619649986,delete,1560,1560
1480619649986,delete,1559,1559
1480619650284,delete,1558,1558
1480619650284,delete,1557,1557
1480619650756,delete,1556,1556
1480619650756,delete,1555,1555
1480619651217,insert,1555,'art'
1480619651675,insert,1558,'ícu'
1480619651997,insert,1561,'lo'
1480619652406,insert,1563,' que'
1480619652820,insert,1567,' es'
1480619653229,insert,1570,' u'
1480619653698,insert,1572,'na '
1480619654035,insert,1575,'ver'
1480619654354,insert,1578,'si'
1480619654932,insert,1580,'ón '
1480619655772,insert,1583,'un'
1480619656655,insert,1585,' po'
1480619656928,insert,1588,'co a'
1480619657311,insert,1592,'c'
1480619657803,insert,1593,'tual'
1480619658184,insert,1597,'izad'
1480619658603,insert,1601,'a '
1480619659086,insert,1603,'de'
1480619659495,insert,1605,' una '
1480619661811,delete,1609,1609
1480619661811,delete,1608,1608
1480619662084,delete,1607,1607
1480619662084,delete,1606,1606
1480619663261,insert,1606,'ota'
1480619663892,delete,1608,1608
1480619663892,insert,1608,'ra'
1480619664133,insert,1610,' qu'
1480619664455,insert,1613,'e '
1480619665314,insert,1615,'f'
1480619665519,insert,1616,'ue '
1480619668695,insert,1619,'en'
1480619669148,insert,1621,'via'
1480619669438,insert,1624,'da '
1480619669924,insert,1627,'a '
1480619671152,insert,1629,'orto'
1480619671487,insert,1633,'s'
1480619672123,delete,1633,1633
1480619672123,delete,1632,1632
1480619672123,delete,1631,1631
1480619673349,delete,1630,1630
1480619673978,insert,1630,'tro'
1480619674712,insert,1633,' '
1480619674996,insert,1634,'con'
1480619675509,insert,1637,'cu'
1480619675765,delete,1638,1638
1480619675765,delete,1637,1637
1480619676036,delete,1636,1636
1480619676435,delete,1635,1635
1480619676435,delete,1634,1634
1480619676731,delete,1633,1633
1480619677178,delete,1632,1632
1480619677178,insert,1632,'a '
1480619677635,insert,1634,'re'
1480619677921,insert,1636,'vi'
1480619678364,insert,1638,'sión'
1480619680231,insert,1642,', '
1480619681039,insert,1644,'tam'
1480619681381,insert,1647,'bi'
1480619681751,insert,1649,'´n'
1480619682188,delete,1650,1650
1480619682188,delete,1649,1649
1480619683264,insert,1649,'én'
1480619683494,insert,1651,' '
1480619761854,insert,1652,'hay'
1480619762166,insert,1655,' que '
1480619762892,insert,1660,'e'
1480619763262,insert,1661,'s'
1480619763557,insert,1662,'pec'
1480619764084,insert,1665,'ii'
1480619764980,delete,1666,1666
1480619764980,insert,1666,'f'
1480619765911,insert,1667,'ic'
1480619766224,insert,1669,'ar '
1480619779140,insert,1672,'qu'
1480619779428,insert,1674,'e est'
1480619779672,insert,1679,'e e'
1480619780232,insert,1682,'s '
1480619780549,insert,1684,'el'
1480619781558,insert,1686,' c'
1480619781946,insert,1688,'aso.'
1480619782360,insert,1692,' '
1480619783789,insert,1693,'D'
1480619785210,insert,1694,'e'
1480619785561,insert,1695,' lo co'
1480619786061,insert,1701,'ntra'
1480619786278,insert,1705,'ri'
1480619786507,insert,1707,'o '
1480619789007,insert,1709,'el'
1480619789375,insert,1711,' ar'
1480619789825,insert,1714,'tíc'
1480619792112,delete,1716,1716
1480619792488,insert,1716,'cu'
1480619792923,insert,1718,'o'
1480619793572,insert,1719,' p'
1480619793826,insert,1721,'u'
1480619794287,delete,1721,1721
1480619794287,delete,1720,1720
1480619795285,delete,1719,1719
1480619795285,delete,1718,1718
1480619795705,insert,1718,'lo '
1480619796760,insert,1721,'pu'
1480619797839,delete,1722,1722
1480619797839,delete,1721,1721
1480619800326,insert,1721,'s'
1480619800525,insert,1722,'er'
1480619800977,insert,1724,'á '
1480619801285,insert,1726,'rech'
1480619801697,insert,1730,'az'
1480619802240,insert,1732,'ado'
1480619802599,insert,1735,','
1480619802996,delete,1735,1735
1480619802996,insert,1735,' '
1480619803390,insert,1736,'(e'
1480619803679,insert,1738,'n '
1480619804097,insert,1740,'el '
1480619804702,insert,1743,'m'
1480619805021,insert,1744,'ej'
1480619806135,insert,1746,'or d'
1480619806372,insert,1750,'e los cas'
1480619806714,insert,1759,'so'
1480619807846,insert,1761,'9'
1480619809173,delete,1761,1761
1480619809173,delete,1760,1760
1480619809704,delete,1759,1759
1480619809704,insert,1759,'os'
1480619810702,insert,1761,'9'
1480619810926,delete,1761,1761
1480619810926,insert,1761,')'
1480619811156,insert,1762,' '
1480619812703,delete,1762,1762
1480619814076,delete,1761,1761
1480619814076,delete,1760,1760
1480619814076,delete,1759,1759
1480619814076,delete,1758,1758
1480619814076,delete,1757,1757
1480619814076,delete,1756,1756
1480619814076,delete,1755,1755
1480619815108,delete,1754,1754
1480619815108,delete,1753,1753
1480619815108,delete,1752,1752
1480619815108,delete,1751,1751
1480619815108,delete,1750,1750
1480619815108,delete,1749,1749
1480619815108,delete,1748,1748
1480619815108,delete,1747,1747
1480619815108,delete,1746,1746
1480619815108,delete,1745,1745
1480619815108,delete,1744,1744
1480619815108,delete,1743,1743
1480619815108,delete,1742,1742
1480619815108,delete,1741,1741
1480619815108,delete,1740,1740
1480619816052,delete,1739,1739
1480619816052,delete,1738,1738
1480619816339,delete,1737,1737
1480619816339,delete,1736,1736
1480619818578,insert,1736,'y'
1480619818841,insert,1737,' pue'
1480619819270,insert,1741,'d'
1480619820039,delete,1741,1741
1480619820039,delete,1740,1740
1480619820339,delete,1739,1739
1480619821510,insert,1739,'od'
1480619821901,insert,1741,'rían haber'
1480619822223,insert,1751,' c'
1480619822631,insert,1753,'onse'
1480619823165,insert,1757,'cuenc'
1480619823466,insert,1762,'ias'
1480619823969,insert,1765,' má'
1480619824435,insert,1768,'s s'
1480619824902,insert,1771,'ever'
1480619825157,insert,1775,'as'
1480619825412,insert,1777,'.'
1480619829112,insert,1778,' '
1480619829887,delete,1778,1778
1480619830489,insert,1778,'\n'
1480619832920,delete,1778,1778
1480619836589,insert,1778,' '
1480619836835,insert,1779,'Ha'
1480619837060,insert,1781,'y q'
1480619837398,insert,1784,'ue '
1480619838211,insert,1787,'le'
1480619838439,insert,1789,'r '
1480619838970,delete,1790,1790
1480619838970,delete,1789,1789
1480619839917,insert,1789,'er '
1480619840643,insert,1792,'los '
1480619841049,insert,1796,'manue'
1480619841429,insert,1801,'l'
1480619841893,delete,1801,1801
1480619841893,delete,1800,1800
1480619842955,insert,1800,'ale'
1480619843355,insert,1803,'s '
1480619843876,delete,1804,1804
1480619844377,delete,1803,1803
1480619844377,delete,1802,1802
1480619845078,insert,1802,'es'
1480619845518,insert,1804,' d'
1480619845850,insert,1806,'e ep'
1480619846322,insert,1810,'tica'
1480619846581,insert,1814,' '
1480619847087,delete,1814,1814
1480619847087,delete,1813,1813
1480619847387,delete,1812,1812
1480619847387,delete,1811,1811
1480619848225,delete,1810,1810
1480619848225,delete,1809,1809
1480619848225,delete,1808,1808
1480619848609,insert,1808,'ét'
1480619848970,insert,1810,'ic'
1480619849402,insert,1812,'a '
1480619849797,insert,1814,'de'
1480619850191,insert,1816,' '
1480619869386,insert,1817,'ca'
1480619870313,insert,1819,'da '
1480619870511,insert,1822,'organiz'
1480619870740,insert,1829,'ac'
1480619870971,insert,1831,'i'
1480619871213,insert,1832,'ó'
1480619871446,insert,1833,' '
1480619871814,delete,1833,1833
1480619872122,insert,1833,'n'
1480619872643,insert,1834,' '
1480619876030,insert,1835,'ya '
1480619876342,insert,1838,'qu'
1480619876760,insert,1840,'e c'
1480619877165,insert,1843,'ada '
1480619877638,insert,1847,'uno '
1480619879153,insert,1851,'ti'
1480619879361,insert,1853,'ene'
1480619879580,insert,1856,' '
1480619883130,insert,1857,'su'
1480619883370,insert,1859,'s '
1480619883694,insert,1861,'pr'
1480619884129,insert,1863,'o'
1480619884520,insert,1864,'p'
1480619884989,insert,1865,'ias '
1480619889676,insert,1869,'re'
1480619890139,insert,1871,'g'
1480619890829,insert,1872,'as '
1480619891143,delete,1874,1874
1480619891143,delete,1873,1873
1480619891650,delete,1872,1872
1480619895497,delete,1871,1871
1480619895497,delete,1870,1870
1480619895811,delete,1869,1869
1480619896280,insert,1869,'co'
1480619896631,insert,1871,'ns'
1480619897104,insert,1873,'ider'
1480619897434,insert,1877,'ac'
1480619898017,delete,1878,1878
1480619898697,insert,1878,'ci'
1480619899166,insert,1880,'ones'
1480619899385,insert,1884,' '
1480619901140,insert,1885,'e'
1480619901440,insert,1886,'n '
1480619902578,insert,1888,'st'
1480619903162,delete,1889,1889
1480619904529,delete,1888,1888
1480619905553,insert,1888,'es'
1480619905839,insert,1890,'tos asp'
1480619906351,insert,1897,'ec'
1480619907478,insert,1899,'tos'
1480619907800,insert,1902,'.'
1480619923617,insert,1834,' '
1480619923881,insert,1835,'('
1480619924964,insert,1836,'com'
1480619925231,insert,1839,'o '
1480619925692,insert,1841,'AC'
1480619925986,insert,1843,';'
1480619927860,delete,1843,1843
1480619927860,insert,1843,'M'
1480619928919,insert,1844,')'
1480619939484,insert,1509,'\n'
1480619940525,delete,1509,1509
1480619940525,delete,1508,1508
1480619941737,insert,1508,';'
1480619950276,delete,1676,1676
1480619950815,insert,1676,'é'
